,posts,token
0,#同居后最容易闹矛盾的点##情侣#理解 情侣同居后容易产生哪些矛盾？又该如何去磨合？,# 同居 后 最 容易 闹矛盾 矛盾 的 点 ## 情侣 # 理解   情侣 同居 后 容易 产生 哪些 矛盾   又 该 如何 去 磨合  
1,"感情中放不下一个人，核心原因无非2大点：

第一个就是：他身上有非常吸引你的品质和特征：比如他对你很好，或者他很上进，很优秀，又或者他很懂你，话能说到你心里，让你觉得很暖心，事能办到你心里。

第二个原因就是：你没有更好的选择。虽然他身上好像也没有多少吸引你的点，但是你身边没有更好的 ...全文","感情 中放 放不下 不下 一个 个人   核心 原因 无非 2 大点  

 第一 第一个 一个 就是   他 身上 上有 非常 常吸 吸引 你 的 品质 和 特征   比如 他 对 你 很 好   或者 他 很 上进   很 优秀   又 或者 他 很 懂 你   话 能 说 到 你 心里   让 你 觉得 很 暖 心   事 能 办到 你 心里  

 第二 第二个 二个 原因 就是   你 没有 更好 的 选择   虽然 他 身上 上好 好像 也 没有 多少 少吸 吸引 你 的 点   但是 你 身边 没有 更好 的      全文"
2,"#同居后最容易闹矛盾的点##金牛座和摩羯座是绝配#
论摩羯金牛两个土象星座对撞的相处模式","# 同居 后 最 容易 闹矛盾 矛盾 的 点 ## 金牛 金牛座 和 摩羯座 是 绝配 #
 论 摩 羯 金牛 两个 土 象 星座 对撞 的 相处 模式"
3,#同居后最容易闹矛盾的点#刚和男朋友/女朋友婚前同居是种什么体验？,# 同居 后 最 容易 闹矛盾 矛盾 的 点 # 刚 和 男朋友 朋友   女朋友 朋友 婚前 同居 是 种 什么 体验  
4,#同居后最容易闹矛盾的点#女朋友跟前任同居过是什么感受？网友的回复：走心了。,# 同居 后 最 容易 闹矛盾 矛盾 的 点 # 女朋友 朋友 跟前 前任 同居 过 是 什么 感受   网友 的 回复   走 心 了  
5,#同居后最容易闹矛盾的点##情侣#要加油干 网页链接,# 同居 后 最 容易 闹矛盾 矛盾 的 点 ## 情侣 # 要 加油 干   网页 链接
6,#同居后最容易闹矛盾的点#没有同居过，不知道，单身多年了,# 同居 后 最 容易 闹矛盾 矛盾 的 点 # 没有 同居 过   不知 知道   单身 多年 了
7,"【逃避】
女粉：思思，我跟在他在一起，每次吵架，他都说让我去找一个比他更好，更能包容我，呵护我的男人。我不知道他这是什么意思，是在威胁我吗？

思思：我觉得更多的是在逃避你，而不是威胁。
“他都说让我去找一个比他更好，更能包容我，呵护我的男人”这句话说明他感到跟你相处很累，很烦，已经 ...全文","  逃避  
 女 粉   思思   我 跟 在 他 在 一起   每次 吵架   他 都 说 让 我 去 找 一个 比 他 更好   更 能 包容 我   呵护 我 的 男人   我 不知 知道 他 这 是 什么 意思   是 在 威胁 我 吗  

 思思   我 觉得 更多 的 是 在 逃避 你   而 不是 威胁  
  他 都 说 让 我 去 找 一个 比 他 更好   更 能 包容 我   呵护 我 的 男人   这 句 话 说明 他 感到 跟 你 相处 很 累   很烦   已经      全文"
8,#同居后最容易闹矛盾的点##情侣#生活习惯的磨合吧...我和对象同居也没有什么大矛盾...比较难以回答... 网页链接,# 同居 后 最 容易 闹矛盾 矛盾 的 点 ## 情侣 # 生活 生活习惯 习惯 的 磨合 吧     我 和 对象 同居 也 没有 什么 大 矛盾     比较 难以 回答      网页 链接
9,#同居后最容易闹矛盾的点##情侣#所有的矛盾都是站在了自己的角度，学会站在对方的角度就会慢慢难度减少，也是最好的磨合方法 网页链接,# 同居 后 最 容易 闹矛盾 矛盾 的 点 ## 情侣 # 所有 的 矛盾 都 是 站 在 了 自己 的 角度   学会 会站 在 对方 的 角度 就 会 慢慢 难度 减少   也 是 最好 的 磨合 方法   网页 链接
10,#拉你唠嗑# #同居后最容易闹矛盾的点# 你和室友闹过矛盾么？,# 拉 你 唠嗑 # # 同居 后 最 容易 闹矛盾 矛盾 的 点 #  你 和 室友 闹 过 矛盾 么  
11,#同居后最容易闹矛盾的点##恋爱中吵架的根本原因# 当男朋友提出同居时，你🉑️吗 杭州 杭州最街访的微博视频,# 同居 后 最 容易 闹矛盾 矛盾 的 点 ## 恋爱 中 吵架 的 根本 根本原因 本原 原因 #  当 男朋友 朋友 提出 同居 时   你    吗   杭州   杭州 最 街 访 的 微 博 视频
12,#同居后最容易闹矛盾的点# 同居以后的才知道的小秘密 学姐很污的微博视频,# 同居 后 最 容易 闹矛盾 矛盾 的 点 #  同居 以后 的 才 知道 的 小 秘密   学姐 很 污 的 微 博 视频
13,#同居后最容易闹矛盾的点#我觉得在两个人要谈婚论嫁的前提下同居可以（不要随便谈了三五个月就住一起，跟陌生人区别并不大），然后发生关系要保护好自己，毕竟没结婚，他随时可以离开，如果怀孕了，要或者不要，受苦受累的都是女孩子！个人观点，接受反驳，不要骂人！,# 同居 后 最 容易 闹矛盾 矛盾 的 点 # 我 觉得 在 两个 个人 要 谈婚论嫁 的 前提 提下 下同 同居 可以   不要 随便 谈 了 三五 三五个 五个 月 就 住 一起   跟 陌生 陌生人 生人 区别 并不大 不大    然后 后发 发生 关系 要 保护 护好 自己   毕竟 没 结婚   他 随时 可以 离开   如果 怀孕 了   要 或者 不要   受苦 受苦受累 受累 的 都 是 女孩 女孩子 孩子   个人 个人观点 观点   接受 反驳   不要 骂人  
14,"情感超话

“舒服”这两个字，其实就是恋爱中，男女之间相处的最好状态，它甚至可以决定两个人是否能继续走下去。

#同居后最容易闹矛盾的点##老百姓的各行各业#","情感 超 话 

  舒服   这 两个 字   其实 就是 恋爱 中   男女 男女之间 之间 相处 的 最好 状态   它 甚至 可以 决定 两个 个人 是否 能 继续 走下 下去  

# 同居 后 最 容易 闹矛盾 矛盾 的 点 ## 老百姓 百姓 的 各行 各行各业 各业 #"
15,"无论是经历怎么样的家庭和关系都要意识到，有些糟糕的事，是因为别人的错，不是自己的错。
不要拿别人的错去惩罚自己，不要拿别人的人生去惩罚自己的人生。

#同居后最容易闹矛盾的点#","无论 无论是 经历 怎么 怎么样 的 家庭 和 关系 都 要 意识 到   有些 糟糕 的 事   是因为 因为 别人 的 错   不是 自己 的 错  
 不要 拿 别人 的 错 去 惩罚 自己   不要 拿 别人 的 人生 去 惩罚 自己 的 人生  

# 同居 后 最 容易 闹矛盾 矛盾 的 点 #"
16,"斯语超话你什么时候最想谈恋爱？

大概是每晚加班后，回家的时候要走好久的路，满街的灯光闪烁，偶尔有情侣在路边嬉闹的走着，而我只有自己一个人的时候。

我们都不愿意将就，所以不能一想被照顾就谈恋爱，不能一想有人依靠就谈恋爱，不能一孤单就谈恋爱，不能因为得不到就来者不拒啊。

一个人单 ...全文","斯 语 超 话 你 什么 时候 最 想 谈恋爱 恋爱  

 大概 是 每晚 加班 后   回家 的 时候 要 走 好久 的 路   满街 的 灯光 闪烁   偶尔 有情 情侣 在 路边 嬉闹 的 走 着   而 我 只有 自己 一个 个人 的 时候  

 我们 都 不 愿意 将 就   所以 不能 一 想 被 照顾 就 谈恋爱 恋爱   不能 一 想有 有人 依靠 就 谈恋爱 恋爱   不能 一 孤单 就 谈恋爱 恋爱   不能 因为 得不到 不到 就 来者 来者不拒 啊  

 一个 个人 单      全文"
17,"#情侣##同居后最容易闹矛盾的点#
爱，就是包容。当然，前提是没有触碰底线。 情侣同居后容易产生哪些矛盾？又该如何去磨合？","# 情侣 ## 同居 后 最 容易 闹矛盾 矛盾 的 点 #
 爱   就是 包容   当然   前提 是 没有 触 碰 底线    情侣 同居 后 容易 产生 哪些 矛盾   又 该 如何 去 磨合  "
18,#同居后最容易闹矛盾的点##情侣#我让你看到我最真实又不美好的一面，我还是你心目中的那个人吗？ 网页链接,# 同居 后 最 容易 闹矛盾 矛盾 的 点 ## 情侣 # 我 让 你 看到 我 最 真实 又 不 美好 的 一面   我 还是 你 心目 目中 的 那个 个人 吗    网页 链接
19,#同居后最容易闹矛盾的点# 随便一件小事都可以成为那个点，时间一久就烦了。不过正是这些矛盾，让我们更清楚地看清一段感情，一个人#情感##爱情#,# 同居 后 最 容易 闹矛盾 矛盾 的 点 #  随便 一件 小事 都 可以 成为 那个 点   时间 一久 就 烦 了   不过 正是 这些 矛盾   让 我们 更 清楚 地 看清 一段 感情   一个 个人 # 情感 ## 爱情 #
20,你觉得#同居后最容易闹矛盾的点#是哪种？ 暖心文字的微博投票,你 觉得 # 同居 后 最 容易 闹矛盾 矛盾 的 点 # 是 哪种    暖 心 文字 的 微 博 投票
21,"矛盾通常是由双方的错误一起造成的
我不知道对于某些人而言 承认自己的错误是不是真的那么难 但一味地把错误归咎于对方身上 真的让人觉得很幼稚
#室友相处之道##同居后最容易闹矛盾的点##交流的艺术#","矛盾 通常 是 由 双方 的 错误 一起 造成 的 
 我 不知 知道 对于 某些 人 而言   承认 自己 的 错误 是不是 不是 真的 那么 难   但 一味 地 把 错误 归咎 归咎于 对方 身上   真的 让 人 觉得 很 幼稚 
# 室友 相处 之 道 ## 同居 后 最 容易 闹矛盾 矛盾 的 点 ## 交流 的 艺术 #"
22,#同居后最容易闹矛盾的点##情侣生活需要磨合，各方面，习惯，生活琐事等，都会暴露，但爱他就要爱他所有，相互理解相互尊重相互包容，婚姻需要经营 情侣同居后容易产生哪些矛盾？又该如何去磨合？,# 同居 后 最 容易 闹矛盾 矛盾 的 点 ## 情侣 生活 需要 磨合   各方 方面   习惯   生活 琐事 等   都 会 暴露   但 爱 他 就要 爱 他 所有   相互 相互理解 理解 相互 相互尊重 尊重 相互 包容   婚姻 需要 经营   情侣 同居 后 容易 产生 哪些 矛盾   又 该 如何 去 磨合  
23,#普法宣传进行时# 【关于同居关系的相关问题解答！】同居关系是男女双方未办理婚姻登记而自愿、持续、稳定、公开地有性生活内容的共同生活在一起的社会关系。①同居关系等于事实婚姻吗？ ②同居期间发生暴力算家暴吗？ ③解除同居关系时财产如何分割？详见↓ ↓ ↓#同居后最容易闹矛盾的点# （@法制网 ...全文,# 普法 宣传 进行 行时 #   关于 同居 关系 的 相关 问题 问题解答 题解 解答    同居 关系 是 男女 男女双方 双方 未办 未办理 办理 婚姻 婚姻登记 登记 而 自愿   持续   稳定   公开 开地 有性 性生活 生活 内容 的 共同 同生 生活 在 一起 的 社会 社会关系 关系    同居 关系 等于 事实 事实婚 婚姻 吗     同居 期间 发生 暴力 算 家暴 吗     解除 同居 关系 时 财产 如何 分割   详见      # 同居 后 最 容易 闹矛盾 矛盾 的 点 #    法制 法制网      全文
24,发布了头条文章：《“七年之痒”激情退却，伴侣间如何避免相看两厌？》 #男朋友不在社交网络公布你##优秀的男朋友有什么标准##同居后最容易闹矛盾的点#时间带走了我们的新鲜感# “七年之痒”激情退却，伴侣间如何避免相看两厌？,发布 了 头条 条文 文章     七年 七年之痒   激情 退却   伴侣 间 如何 避免 相看 两 厌    # 男朋友 朋友 不在 社交 网络 公布 你 ## 优秀 的 男朋友 朋友 有 什么 标准 ## 同居 后 最 容易 闹矛盾 矛盾 的 点 # 时间 带走 了 我们 的 新鲜 新鲜感 #   七年 七年之痒   激情 退却   伴侣 间 如何 避免 相看 两 厌  
25,3分钟了解家暴！①对同居的男女朋友同样有效；②经常性的谩骂、恐吓等精神暴力也认定为家暴；③遭遇家暴，可向法院申请人身安全保护令。无论性别，遭遇家暴时，请拿起法律的武器保护自己！#同居后最容易闹矛盾的点# 共青团中央的秒拍视频,3 分钟 了解 家暴    对 同居 的 男女 男女朋友 女朋友 朋友 同样 有效    经常 经常性 常性 的 谩骂   恐吓 等 精神 暴力 也 认定 定为 家暴    遭遇 家暴   可向 法院 申请 申请人 人身 人身安全 安全 保护 令   无论 性别   遭遇 家暴 时   请 拿起 法律 的 武器 保护 自己  # 同居 后 最 容易 闹矛盾 矛盾 的 点 #  共青 共青团 共青团中央 团中央 中央 的 秒 拍 视频
26,3分钟了解家暴！①对同居的男女朋友同样有效；②经常性的谩骂、恐吓等精神暴力也认定为家暴；③遭遇家暴，可向法院申请人身安全保护令。无论性别，遭遇家暴时，请拿起法律的武器保护自己！#同居后最容易闹矛盾的点# 共青团中央的秒拍视频,3 分钟 了解 家暴    对 同居 的 男女 男女朋友 女朋友 朋友 同样 有效    经常 经常性 常性 的 谩骂   恐吓 等 精神 暴力 也 认定 定为 家暴    遭遇 家暴   可向 法院 申请 申请人 人身 人身安全 安全 保护 令   无论 性别   遭遇 家暴 时   请 拿起 法律 的 武器 保护 自己  # 同居 后 最 容易 闹矛盾 矛盾 的 点 #  共青 共青团 共青团中央 团中央 中央 的 秒 拍 视频
27,"#同居后最容易闹矛盾的点##情侣#脾气的不合适，和习惯性格方面的不合，真的喜欢一个人那就要去磨合这些所谓的不合适
网页链接","# 同居 后 最 容易 闹矛盾 矛盾 的 点 ## 情侣 # 脾气 的 不合 合适   和 习惯 习惯性 惯性 性格 方面 的 不合   真的 喜欢 一个 个人 那 就要 去 磨合 这些 所谓 的 不合 合适 
 网页 链接"
28,#同居后最容易闹矛盾的点##情侣#生活中的柴米油盐吧！彼此会更在意一些小细节 网页链接,# 同居 后 最 容易 闹矛盾 矛盾 的 点 ## 情侣 # 生活 中 的 柴米 柴米油盐 油盐 吧   彼此 会 更 在意 一些 些小 细节   网页 链接
29,#同居后最容易闹矛盾的点##情侣#趁着没领证快散 网页链接,# 同居 后 最 容易 闹矛盾 矛盾 的 点 ## 情侣 # 趁着 没 领证 快 散   网页 链接
30,#同居后最容易闹矛盾的点# 网友求助: 之前和一位已婚同事同居。现在我结婚了，他拿“视频，逼我约澡”，好怕……我该怎么办？,# 同居 后 最 容易 闹矛盾 矛盾 的 点 #  网友 求助    之前 和 一位 已婚 同事 同居   现在 我 结婚 了   他 拿   视频   逼 我 约 澡    好 怕    我 该 怎么 怎么办  
31,#同居后最容易闹矛盾的点##情侣#三观和生活习惯，点点滴滴，适时沟通适量调整适度改变，再不行就滚 情侣同居后容易产生哪些矛盾？又该如何去磨合？,# 同居 后 最 容易 闹矛盾 矛盾 的 点 ## 情侣 # 三观 和 生活 生活习惯 习惯   点点 点点滴滴 点滴 滴滴   适时 沟通 适量 调整 适度 改变   再 不行 就 滚   情侣 同居 后 容易 产生 哪些 矛盾   又 该 如何 去 磨合  
32,"三行情书超话

错误六：总是一种等待的心态
在挽回当中等待对方回头是一个伪命题，对方永远不可能回头，对方也不会因为你的等待而回头，等待的，这种心态会让你变得越来越痛苦。请你牢牢记住，感情是争取来的，而不是求来的，等待本质上是通过付出自己的时间，乞求对方来关注自己的一种做法，这种 ...全文","三行 行情 情书 超 话 

 错误 六   总是 一种 等待 的 心态 
 在 挽回 当中 中等 等待 对方 回头 是 一个 伪命 命题   对方 永远 不可 可能 回头   对方 也 不会 因为 你 的 等待 而 回头   等待 的   这种 心态 会 让 你 变得 越来 越来越 痛苦   请 你 牢牢 牢牢记 牢记 记住   感情 是 争取 取来 的   而 不是 求 来 的   等待 本质 上 是 通过 过付 付出 出自 自己 的 时间   乞求 对方 来 关注 自己 的 一种 做法   这种      全文"
33,#同居后最容易闹矛盾的点##鸡毛蒜皮 网页链接,# 同居 后 最 容易 闹矛盾 矛盾 的 点 ## 鸡毛 鸡毛蒜皮 蒜皮   网页 链接
34,#同居后最容易闹矛盾的点#跟女朋友同居的日常，就是这样滴。,# 同居 后 最 容易 闹矛盾 矛盾 的 点 # 跟 女朋友 朋友 同居 的 日常   就是 这样 滴  
35,#同居后最容易闹矛盾的点##情侣#两个人都勤快都好说，最怕一个人勤快 另外一个人还懒得理直气壮。 网页链接,# 同居 后 最 容易 闹矛盾 矛盾 的 点 ## 情侣 # 两个 个人 都 勤快 都 好 说   最怕 一个 个人 勤快   另外 一个 个人 还 懒得 理直气壮    网页 链接
36,#同居后最容易闹矛盾的点##情侣#经济 网页链接,# 同居 后 最 容易 闹矛盾 矛盾 的 点 ## 情侣 # 经济   网页 链接
37,#同居后最容易闹矛盾的点# 你觉得情侣太早同居会怎么样？ 电影截图录的微博投票,# 同居 后 最 容易 闹矛盾 矛盾 的 点 #  你 觉得 情侣 太 早 同居 会 怎么 怎么样    电影 截图 图录 的 微 博 投票
38,你认为#同居后最容易闹矛盾的点#是什么？ 一句正能量的话的微博投票,你 认为 # 同居 后 最 容易 闹矛盾 矛盾 的 点 # 是 什么    一句 正 能量 的话 的 微 博 投票
39,"#恋爱前后闺蜜的变化#
不说闺蜜恋爱前后变化
男人恋爱前后变化得更快💢

#同居后最容易闹矛盾的点##感情#","# 恋爱 前后 闺 蜜 的 变化 #
 不 说 闺 蜜 恋爱 前后 变化 
 男人 恋爱 前后 变化 得 更快  

# 同居 后 最 容易 闹矛盾 矛盾 的 点 ## 感情 #"
40,"#同居后最容易闹矛盾的点#
衣服谁洗？
地谁拖？
饭谁做？
碗谁刷？","# 同居 后 最 容易 闹矛盾 矛盾 的 点 #
 衣服 谁 洗  
 地 谁 拖  
 饭 谁 做  
 碗 谁 刷  "
41,#同居后最容易闹矛盾的点##情侣#床头吵架床尾和 情侣同居后容易产生哪些矛盾？又该如何去磨合？,# 同居 后 最 容易 闹矛盾 矛盾 的 点 ## 情侣 # 床头 吵架 床尾 和   情侣 同居 后 容易 产生 哪些 矛盾   又 该 如何 去 磨合  
42,#小凯播报##小凯普法#【关于同居关系的相关问题解答！】同居关系是男女双方未办理婚姻登记而自愿、持续、稳定、公开地有性生活内容的共同生活在一起的社会关系。①同居关系等于事实婚姻吗？ ②同居期间发生暴力算家暴吗？ ③解除同居关系时财产如何分割？详见↓ ↓ ↓#同居后最容易闹矛盾的点# （ ...全文,# 小 凯 播报 ## 小 凯普 普法 #  关于 同居 关系 的 相关 问题 问题解答 题解 解答    同居 关系 是 男女 男女双方 双方 未办 未办理 办理 婚姻 婚姻登记 登记 而 自愿   持续   稳定   公开 开地 有性 性生活 生活 内容 的 共同 同生 生活 在 一起 的 社会 社会关系 关系    同居 关系 等于 事实 事实婚 婚姻 吗     同居 期间 发生 暴力 算 家暴 吗     解除 同居 关系 时 财产 如何 分割   详见      # 同居 后 最 容易 闹矛盾 矛盾 的 点 #       全文
43,"我一直都觉得，情侣之间比吵架更严重的，其实是争吵过后男女生之间的情绪差。

一般女孩子晚上吵完架后，情绪会经历一场风暴，先是生气，然后是难过，会自己哭，会失眠一整夜。

而大多数男孩子吵完架后往往不怎么当回事，会安安稳稳睡上一觉。

经历了一晚上情绪折磨的女孩子，会在第二天更加生气和失 ...全文","我 一直 都 觉得   情侣 之间 比 吵架 更 严重 的   其实 实是 争吵 吵过 过后 男女 男女生 女生 之间 的 情绪 差  

 一般 女孩 女孩子 孩子 晚上 吵 完 架 后   情绪 会 经历 一场 风暴   先是 生气   然后 是 难过   会 自己 哭   会 失眠 一整 一整夜 整夜  

 而 大多 大多数 多数 男孩 男孩子 孩子 吵 完 架 后 往往 不怎么 怎么 当回事 回事   会 安安 安安稳稳 安稳 稳稳 睡 上 一觉  

 经历 了 一晚 晚上 情绪 折磨 的 女孩 女孩子 孩子   会 在 第二 第二天 二天 更加 加生 生气 和 失      全文"
44,"我一直都觉得，情侣之间比吵架更严重的，其实是争吵过后男女生之间的情绪差。

一般女孩子晚上吵完架后，情绪会经历一场风暴，先是生气，然后是难过，会自己哭，会失眠一整夜。

而大多数男孩子吵完架后往往不怎么当回事，会安安稳稳睡上一觉。

经历了一晚上情绪折磨的女孩子，会在第二天更加生气和失 ...全文","我 一直 都 觉得   情侣 之间 比 吵架 更 严重 的   其实 实是 争吵 吵过 过后 男女 男女生 女生 之间 的 情绪 差  

 一般 女孩 女孩子 孩子 晚上 吵 完 架 后   情绪 会 经历 一场 风暴   先是 生气   然后 是 难过   会 自己 哭   会 失眠 一整 一整夜 整夜  

 而 大多 大多数 多数 男孩 男孩子 孩子 吵 完 架 后 往往 不怎么 怎么 当回事 回事   会 安安 安安稳稳 安稳 稳稳 睡 上 一觉  

 经历 了 一晚 晚上 情绪 折磨 的 女孩 女孩子 孩子   会 在 第二 第二天 二天 更加 加生 生气 和 失      全文"
45,#同居后最容易闹矛盾的点#你觉得同居多久适合结婚？？,# 同居 后 最 容易 闹矛盾 矛盾 的 点 # 你 觉得 同居 居多 多久 适合 结婚   
46,和猫同居以后，除了陪伴还有这个#同居后最容易闹矛盾的点# #喵星人# 搞怪的小萌宠的微博视频,和 猫 同居 以后   除了 陪伴 还有 这个 # 同居 后 最 容易 闹矛盾 矛盾 的 点 # # 喵 星 人 #  搞怪 的 小 萌 宠 的 微 博 视频
47,"#同居后最容易闹矛盾的点#
爱向往，未相守。几人纠缠在情感的泥潭，牵扯出了一段悲伤恋歌。付出了自己的情感，因为没有说出口的执着情感，而没能在一起，离愁别绪让人惋惜。爱了，珍惜，莫要等失去后追悔莫及。留一段幸福在身边，真爱莫放手。","# 同居 后 最 容易 闹矛盾 矛盾 的 点 #
 爱 向往   未 相守   几 人 纠缠 在 情感 的 泥潭   牵扯 出 了 一段 悲伤 恋歌   付出 了 自己 的 情感   因为 没有 说出 出口 的 执着 情感   而 没能 在 一起   离愁 离愁别绪 别绪 让 人 惋惜   爱 了   珍惜   莫要 等 失去 后 追悔 追悔莫及 莫及   留 一段 幸福 在 身边   真爱 莫 放手  "
48,"我一直都觉得，情侣之间比吵架更严重的，其实是争吵过后男女生之间的情绪差。

一般女孩子晚上吵完架后，情绪会经历一场风暴，先是生气，然后是难过，会自己哭，会失眠一整夜。

而大多数男孩子吵完架后往往不怎么当回事，会安安稳稳睡上一觉。

经历了一晚上情绪折磨的女孩子，会在第二天更加生气和失 ...全文","我 一直 都 觉得   情侣 之间 比 吵架 更 严重 的   其实 实是 争吵 吵过 过后 男女 男女生 女生 之间 的 情绪 差  

 一般 女孩 女孩子 孩子 晚上 吵 完 架 后   情绪 会 经历 一场 风暴   先是 生气   然后 是 难过   会 自己 哭   会 失眠 一整 一整夜 整夜  

 而 大多 大多数 多数 男孩 男孩子 孩子 吵 完 架 后 往往 不怎么 怎么 当回事 回事   会 安安 安安稳稳 安稳 稳稳 睡 上 一觉  

 经历 了 一晚 晚上 情绪 折磨 的 女孩 女孩子 孩子   会 在 第二 第二天 二天 更加 加生 生气 和 失      全文"
49,"#男朋友不在社交网络公布你#
你男朋友的朋友圈为什么从来不秀恩爱?

1.他觉得你长得不够好看
2.他在给自己留有余地
3.“他不止你一个女朋友”
4.单纯的不喜欢这样的社交方式

快看看你们是这几种原因吗
#同居后最容易闹矛盾的点#","# 男朋友 朋友 不在 社交 网络 公布 你 #
 你 男朋友 朋友 的 朋友 朋友圈 为什么 什么 从来 从来不 秀 恩爱  

1  他 觉得 你 长 得 不够 好看 
2  他 在 给 自己 留有 留有余地 有余 余地 
3   他 不止 你 一个 女朋友 朋友  
4  单纯 的 不 喜欢 这样 的 社交 方式 

 快 看看 你们 是 这 几种 原因 吗 
# 同居 后 最 容易 闹矛盾 矛盾 的 点 #"
50,#同居后最容易闹矛盾的点##情侣#每个人都有缺点 应该多点包容少点抱怨 情侣同居后容易产生哪些矛盾？又该如何去磨合？,# 同居 后 最 容易 闹矛盾 矛盾 的 点 ## 情侣 # 每个 个人 都 有 缺点   应该 多点 包容 少点 抱怨   情侣 同居 后 容易 产生 哪些 矛盾   又 该 如何 去 磨合  
51,#同居后最容易闹矛盾的点#最大的矛盾就是它要拆了我的家，我要对它动手。,# 同居 后 最 容易 闹矛盾 矛盾 的 点 # 最大 的 矛盾 就是 它 要 拆 了 我 的 家   我 要 对 它 动手  
52,#情侣##同居后最容易闹矛盾的点# 恋爱初期最好保持一定距离，距离产生美 网页链接,# 情侣 ## 同居 后 最 容易 闹矛盾 矛盾 的 点 #  恋爱 初期 最好 保持 一定 距离   距离 产生 美   网页 链接
53,"在爱情中，如果你太爱一个人，你就会特别重视，你对他的要求会越高，最后你们就会分手，如果你不爱他，最后你也不会嫁给他，所以最合适的人，一定是比较像亲人的人，才能够和你走到最后。
#同居后最容易闹矛盾的点#","在 爱情 中   如果 你 太 爱 一个 个人   你 就 会 特别 重视   你 对 他 的 要求 会 越 高   最后 你们 就 会分 分手   如果 你 不 爱 他   最后 你 也 不会 嫁给 他   所以 最合适 合适 的 人   一定 是 比较 像 亲人 的 人   才能 能够 和 你 走到 最后  
# 同居 后 最 容易 闹矛盾 矛盾 的 点 #"
54,#同居后最容易闹矛盾的点#你认为情侣同居以后最难忍受对方的问题是什么？ 长春大队长的微博投票,# 同居 后 最 容易 闹矛盾 矛盾 的 点 # 你 认为 情侣 同居 以后 最难 难忍 忍受 对方 的 问题 是 什么    长春 大队 大队长 队长 的 微 博 投票
55,"#同居后最容易闹矛盾的点#在知乎上看到一篇妈妈写给女儿关于同居的看法：“同居关系，能够使你们更好的去体验双方精神上有没有共同的追求。

相处之后，时间的磨砺，露出两个人的矛盾、无聊甚至丑陋的一面的时候，才能更好的审视精神上是否协调一致，是否有更多的相同的追求，而这在恋爱中，你很难去体 ...全文","# 同居 后 最 容易 闹矛盾 矛盾 的 点 # 在 知 乎 上 看到 一篇 妈妈 写给 女儿 关于 同居 的 看法    同居 关系   能够 使 你们 更好 的 去 体验 双方 精神 上有 有没有 没有 共同 的 追求  

 相处 之后   时间 的 磨砺   露出 两个 个人 的 矛盾   无聊 甚至 丑陋 的 一面 的 时候   才能 更好 的 审视 精神 上 是否 协调 协调一致 一致   是否 有 更多 的 相同 的 追求   而 这 在 恋爱 中   你 很 难 去 体      全文"
56,【法律常识：关于同居关系的相关法律问题】同居关系等于事实婚姻吗？ 同居期间发生暴力算家暴吗？ 解除同居关系时财产如何分割？详见↓ ↓ ↓ #同居后最容易闹矛盾的点#(@法制网 ）,  法律 法律常识 常识   关于 同居 关系 的 相关 关法 法律 问题   同居 关系 等于 事实 事实婚 婚姻 吗    同居 期间 发生 暴力 算 家暴 吗    解除 同居 关系 时 财产 如何 分割   详见       # 同居 后 最 容易 闹矛盾 矛盾 的 点 #   法制 法制网   
57,"#同居后最容易闹矛盾的点#
《和喵星人同居的日子》本以为是个治愈系的小短片，没想到是个单虐狗的故事影视分析师的微博视频","# 同居 后 最 容易 闹矛盾 矛盾 的 点 #
  和 喵 星 人 同居 的 日子   本 以为 是 个 治愈 系 的 小 短片   没想 没想到 想到 是 个 单 虐 狗 的 故事 影视 分析 分析师 的 微 博 视频"
58,#情侣##同居后最容易闹矛盾的点#同居生活就是结婚生活。好的婚姻其实就是有爱的加持。如果有爱，就可以一直过下去，反之亦然。 网页链接,# 情侣 ## 同居 后 最 容易 闹矛盾 矛盾 的 点 # 同居 生活 就是 结婚 生活   好 的 婚姻 其实 就是 有 爱 的 加持   如果 有 爱   就 可以 一直 过 下去   反之 反之亦然 亦然    网页 链接
59,"#情侣##同居后最容易闹矛盾的点#最容易是生活习惯上的冲突。
一开始同居的时候，习惯了以前衣来伸手，饭来张口（洗衣服晾衣服，做饭洗碗都是家人完成）
一开始就是各种立规定和协调争吵。
最重要还是沟通，磨合，适当让步。 网页链接","# 情侣 ## 同居 后 最 容易 闹矛盾 矛盾 的 点 # 最 容易 是 生活 生活习惯 习惯 惯上 的 冲突  
 一开 开始 同居 的 时候   习惯 了 以前 衣来伸手 伸手   饭来张口 张口   洗衣 洗衣服 衣服 晾衣 晾衣服 衣服   做饭 洗碗 都 是 家人 完成  
 一开 开始 就是 各种 立 规定 和 协调 争吵  
 最重 重要 还是 沟通   磨合   适当 让步    网页 链接"
60,#同居后最容易闹矛盾的点#从前中国人总把未婚同居看成几乎是一种罪恶，或者还会招来派出所的人。可现在一看，同居的人多了，不论老少，也不会再有谁来管闲事了。同居成了常态，而它的好处也慢慢显现出来了。既然还有结婚证卡着自己未来的婚姻生活，那就是个非常严肃的事了。同居一段时间，很能看出对方 ...全文,# 同居 后 最 容易 闹矛盾 矛盾 的 点 # 从前 中国 国人 总 把 未婚 未婚同居 同居 看成 几乎 是 一种 罪恶   或者 还 会 招来 派出 派出所 的 人   可 现在 一 看   同居 的 人 多 了   不论 老少   也 不会 再有 谁来管 管闲事 闲事 了   同居 成 了 常态   而 它 的 好处 也 慢慢 显现 显现出 显现出来 现出 出来 了   既然 还有 结婚 结婚证 卡 着 自己 己未 未来 的 婚姻 婚姻生活 生活   那 就是 个 非常 严肃 的 事 了   同居 一段 一段时间 段时间 时间   很 能 看出 对方      全文
61,"#同居后最容易闹矛盾的点#
情侣间闹矛盾不可避免，如果俩人三观不合，性格不合，在面临各种挑战和重大事件的看法不同，不管同不同居还是会闹矛盾，具体要看两个人的心态，是否愿意为了彼此互相理解、互相尊重、互相鼓励，在遇到矛盾时积极解决。但有一点可以肯定，同居后确实比同居前更容易发生矛盾。","# 同居 后 最 容易 闹矛盾 矛盾 的 点 #
 情侣 间 闹矛盾 矛盾 不可 不可避免 避免   如果 俩 人 三观 不合   性格 性格不合 不合   在 面临 各种 挑战 和 重大 重大事件 大事 事件 的 看法 不同   不管 同 不同 同居 还是 会 闹矛盾 矛盾   具体 体要 看 两个 个人 的 心态   是否 愿意 意为 为了 彼此 互相 互相理解 理解   互相 尊重   互相 鼓励   在 遇到 矛盾 时 积极 解决   但有 一点 可以 肯定   同居 后 确实 比 同居 前 更 容易 易发 发生 矛盾  "
62,你觉得 #同居后最容易闹矛盾的点# 是什么？ 锦鲤壁纸喵的微博投票,你 觉得  # 同居 后 最 容易 闹矛盾 矛盾 的 点 #  是 什么    锦鲤 壁纸 喵 的 微 博 投票
63,"#同居后最容易闹矛盾的点#

应该是当女方想结婚的时候，男方迟迟没有推进。因为同居以后真的会比较难步入婚姻。","# 同居 后 最 容易 闹矛盾 矛盾 的 点 #

 应该 该是 当 女方 想 结婚 的 时候   男方 迟迟 没有 推进   因为 同居 以后 真的 会 比较 难 步入 婚姻  "
64,"【律师告诉你夫妻财产约定应该怎样签↓ 】
现如今，很多夫妻为了不因财产问题产生纠纷，会提前签好一份财产协议，除了约定离婚时财产怎么分，还会约定“出轨方净身出户”、“有家暴行为的，净身出户”、“财产归我、债务归你”......这些约定签了你可能会有安全感，但是它有法律效力吗？告 ...全文","  律师 告诉 你 夫妻 财产 约定 应该 怎样 签    
 现如今 如今   很多 多夫 夫妻 为了 不因 财产 问题 产生 产生纠纷 纠纷   会 提前 签好 一份 财产 协议   除了 约定 离婚 时 财产 怎么 分   还 会约 约定   出轨 方 净身 出 户     有 家暴 暴行 行为 的   净身 出 户     财产 归 我   债务 归 你         这些 约定 签 了 你 可能 会 有 安全 安全感   但是 它 有 法律 法律效力 效力 吗   告      全文"
65,#青县司法# 【关于同居关系的相关问题解答！】同居关系是男女双方未办理婚姻登记而自愿、持续、稳定、公开地有性生活内容的共同生活在一起的社会关系。①同居关系等于事实婚姻吗？ ②同居期间发生暴力算家暴吗？ ③解除同居关系时财产如何分割？详见↓ ↓ ↓#同居后最容易闹矛盾的点# （@法制网 ）,# 青县 司法 #   关于 同居 关系 的 相关 问题 问题解答 题解 解答    同居 关系 是 男女 男女双方 双方 未办 未办理 办理 婚姻 婚姻登记 登记 而 自愿   持续   稳定   公开 开地 有性 性生活 生活 内容 的 共同 同生 生活 在 一起 的 社会 社会关系 关系    同居 关系 等于 事实 事实婚 婚姻 吗     同居 期间 发生 暴力 算 家暴 吗     解除 同居 关系 时 财产 如何 分割   详见      # 同居 后 最 容易 闹矛盾 矛盾 的 点 #    法制 法制网   
66,#同居后最容易闹矛盾的点#莫格利和凌熙的感情真的是一波N折啊，我们观众经常是吃糖吃着吃着咬了一嘴玻璃渣，刚把玻璃渣吐地上，又发现玻璃渣变糖了，最近我们亚洲醋王因为保护凌熙闹分手，闹完分手又吃醋，嗯面对啥都不知道的熙爷，我也瞬间有点点心疼蛤蜊哥哥。 ...全文,# 同居 后 最 容易 闹矛盾 矛盾 的 点 # 莫 格利 和 凌 熙 的 感情 情真 真的 是 一 波 N 折 啊   我们 观众 经常 是 吃糖 吃 着 吃 着 咬 了 一 嘴 玻璃 渣   刚 把 玻璃 渣 吐 地上   又 发现 玻璃 渣 变 糖 了   最近 我们 亚洲 醋 王 因为 保护 凌 熙 闹 分手   闹 完 分手 又 吃醋   嗯 面对 啥 都 不知 知道 的 熙 爷   我 也 瞬间 有点 点点 点心 心疼 蛤蜊 哥哥       全文
67,"#同居后最容易闹矛盾的点#

无可置疑，同居之后闹矛盾的几率比平时情侣不住在一起的几率要多些。

这个问题我也跟身边多个朋友甲乙丙丁戊交流过想法，总结了如下几点同居期间会发生的矛盾点：

1，因为东西乱放等卫生问题。

这个问题可能大多会出在男生的身上。由于平时一个人就比较乱糟糟，比如 ...全文","# 同居 后 最 容易 闹矛盾 矛盾 的 点 #

 无可 无可置疑 置疑   同居 之后 闹矛盾 矛盾 的 几率 几率比 平时 情侣 不住 住在一起 一起 的 几率 要 多些  

 这个 问题 我 也 跟 身边 多个 朋友 甲乙 甲乙丙丁 乙丙 丙丁 戊 交流 流过 想法   总结 了 如下 几点 同居 期间 会 发生 的 矛盾 点  

1  因为 东西 乱放 等 卫生 问题  

 这个 问题 可能 大多 会 出 在 男生 的 身上   由于 平时 一个 个人 就 比较 乱糟 乱糟糟   比如      全文"
68,#同居后最容易闹矛盾的点# 跟他同居没有矛盾,# 同居 后 最 容易 闹矛盾 矛盾 的 点 #  跟 他 同居 没有 矛盾
69,"#同居后最容易闹矛盾的点#在知乎上看到一篇妈妈写给女儿关于同居的看法：“同居关系，能够使你们更好的去体验双方精神上有没有共同的追求。

相处之后，时间的磨砺，露出两个人的矛盾、无聊甚至丑陋的一面的时候，才能更好的审视精神上是否协调一致，是否有更多的相同的追求，而这在恋爱中，你很难去体 ...全文","# 同居 后 最 容易 闹矛盾 矛盾 的 点 # 在 知 乎 上 看到 一篇 妈妈 写给 女儿 关于 同居 的 看法    同居 关系   能够 使 你们 更好 的 去 体验 双方 精神 上有 有没有 没有 共同 的 追求  

 相处 之后   时间 的 磨砺   露出 两个 个人 的 矛盾   无聊 甚至 丑陋 的 一面 的 时候   才能 更好 的 审视 精神 上 是否 协调 协调一致 一致   是否 有 更多 的 相同 的 追求   而 这 在 恋爱 中   你 很 难 去 体      全文"
70,#同居后最容易闹矛盾的点# 作息时间很重要呀！不能够一起甜甜的相拥而睡真的很难受！,# 同居 后 最 容易 闹矛盾 矛盾 的 点 #  作息 作息时间 时间 很重 重要 呀   不能 能够 一起 甜甜 甜甜的 相拥 而 睡 真的 很 难受  
71,"#同居后最容易闹矛盾的点##优秀的男朋友有什么标准#@格姐信箱
爱情有时候很简单，不需要大富大贵，只需要一个贴心懂你的人。
——《越独立，越高贵》","# 同居 后 最 容易 闹矛盾 矛盾 的 点 ## 优秀 的 男朋友 朋友 有 什么 标准 #  格 姐 信箱 
 爱情 有时 有时候 时候 很 简单   不 需要 大富 大富大贵 富大贵   只 需要 一个 贴心 懂 你 的 人  
    越 独立   越 高贵  "
72,#同居后最容易闹矛盾的点#同居之后你就会发现他并没有你想象中的爱干净也会随手把臭袜子扔到一边她也没有你想象中的淑女也会大喊大叫同居后彼此身上的缺点都会暴露出来如果这个时候你们还能接受对方那就结婚吧,# 同居 后 最 容易 闹矛盾 矛盾 的 点 # 同居 之后 你 就 会 发现 他 并 没有 你 想象 中 的 爱 干净 也 会 随手 手把 臭 袜子 扔到 一边 她 也 没有 你 想象 中 的 淑女 也 会 大喊 大喊大叫 大叫 同居 后 彼此 身上 的 缺点 都 会 暴露 暴露出 露出 出来 如果 这个 时候 你们 还 能 接受 对方 那 就 结婚 吧
73,#同居后最容易闹矛盾的点#当共同生活开启后，爱情最容易被细节打败。时间流逝中，爱情也容易变得不再新鲜。别让爱情成为一个人的努力。,# 同居 后 最 容易 闹矛盾 矛盾 的 点 # 当 共同 同生 生活 开启 后   爱情 最 容易 被 细节 打败   时间 流逝 中   爱情 也 容易 易变 变得 不再 新鲜   别 让 爱情 成为 一个 个人 的 努力  
74,#邯郸身边事##同居后最容易闹矛盾的点#你觉得是什么,# 邯郸 身边 事 ## 同居 后 最 容易 闹矛盾 矛盾 的 点 # 你 觉得 是 什么
75,#同居后最容易闹矛盾的点#亲子鉴定土方法准吗？在DNA亲子鉴定这项高科技的生物技术之前，我们了解更多的是血型鉴定，但它们有着根本性的不同。人类的血型只有几种，即使是不相关的个体也有很高几率纯属巧合而具有匹配的血型。所以血型检测在血型不匹配时固然可以用于排除亲缘关系，但在血型匹配时却很 ...全文,# 同居 后 最 容易 闹矛盾 矛盾 的 点 # 亲子 亲子鉴定 鉴定 土方 方法 准 吗   在 DNA 亲子 亲子鉴定 鉴定 这项 高科技 科技 的 生物 技术 之前   我们 了解 更多 的 是 血型 鉴定   但 它们 有着 根本 根本性 本性 的 不同   人类 的 血型 只有 几种   即使 是 不 相关 的 个体 也 有 很 高 几率 纯属 纯属巧合 巧合 而 具有 匹配 的 血型   所以 血型 检测 在 血型 不 匹配 时 固然 可以 用于 排除 亲缘 关系   但 在 血型 匹配 时 却 很      全文
76,"情感超话 没同居前，两个人的恋爱，是不断在脑内美化彼此；而同居之后，两个人的感情，是在真实的嫌弃中越来越深。

#同居后最容易闹矛盾的点# 可能不少，但是爱也不会少。","情感 超 话   没 同居 前   两个 个人 的 恋爱   是 不断 在 脑 内 美化 彼此   而 同居 之后   两个 个人 的 感情   是 在 真实 的 嫌弃 中越 越来 越来越 越深  

# 同居 后 最 容易 闹矛盾 矛盾 的 点 #  可能 不少   但是 爱 也 不会 少  "
77,"#同居后最容易闹矛盾的点#

啥时候同居？求问

你们的单身知名情感博主回来啦！

北京","# 同居 后 最 容易 闹矛盾 矛盾 的 点 #

 啥时候 时候 同居   求 问 

 你们 的 单身 知名 情感 博 主 回来 啦  

 北京"
78,【法律常识：关于同居关系的相关法律问题】同居关系等于事实婚姻吗？ 同居期间发生暴力算家暴吗？ 解除同居关系时财产如何分割？详见↓ ↓ ↓ #同居后最容易闹矛盾的点#(@法制网 ）,  法律 法律常识 常识   关于 同居 关系 的 相关 关法 法律 问题   同居 关系 等于 事实 事实婚 婚姻 吗    同居 期间 发生 暴力 算 家暴 吗    解除 同居 关系 时 财产 如何 分割   详见       # 同居 后 最 容易 闹矛盾 矛盾 的 点 #   法制 法制网   
79,"#同居后最容易闹矛盾的点#
晚上吃什么？？？
女:晚上吃面条吧！
男:不要，我想吃饺子。
女:行吧，那你吃饺子，我吃面条。
男:……算了，我们还是吃米饭吧。
女:不想做菜，没菜你吃的下饭吗？
男:那我来炒菜吧！
女:行吧，我去买菜!
回来了!
男:老婆，做一两个菜够了吗？
女:我看算了，还不如吃面条吧！ ...全文","# 同居 后 最 容易 闹矛盾 矛盾 的 点 #
 晚上 吃 什么    
 女   晚上 吃 面条 吧  
 男   不要   我 想 吃饺子 饺子  
 女   行 吧   那 你 吃饺子 饺子   我 吃 面条  
 男     算了   我们 还是 吃 米饭 吧  
 女   不想 做菜   没 菜 你 吃 的 下饭 吗  
 男   那 我 来 炒菜 吧  
 女   行 吧   我 去 买菜  
 回来 了  
 男   老婆   做 一两 一两个 两个 菜 够 了 吗  
 女   我 看 算了   还 不如 吃 面条 吧       全文"
80,#同居后最容易闹矛盾的点#家务和钱,# 同居 后 最 容易 闹矛盾 矛盾 的 点 # 家务 和 钱
81,#同居后最容易闹矛盾的点#家务,# 同居 后 最 容易 闹矛盾 矛盾 的 点 # 家务
82,#同居后最容易闹矛盾的点#有必要同居吧，只有生活在一起了才知道合不合适，才会发现以前没发现的，才能好好解决问题,# 同居 后 最 容易 闹矛盾 矛盾 的 点 # 有 必要 要同 同居 吧   只有 有生 生活 在 一起 了 才 知道 合 不合 合适   才 会 发现 以前 没 发现 的   才能 好好 解决 解决问题 问题
83,"#同居后最容易闹矛盾的点#

据统计显示，在关系和睦的夫妻之间，最常见的、容易引起争吵的话题排序结果是这样的：

最重要的：两人之间的亲密关系>闲暇时间如何休闲娱乐>家务分配>沟通>钱
最不重要的：嫉妒心、宗教、两人的原生家庭问题

没想到家务分配问题居然上了榜和谐稳定的生活，千万别为家 ...全文","# 同居 后 最 容易 闹矛盾 矛盾 的 点 #

 据统计 统计 显示   在 关系 和睦 的 夫妻 之间   最常 常见 的   容易 引起 争吵 的话 话题 排序 结果 是 这样 的  

 最重 重要 的   两 人 之间 的 亲密 亲密关系 关系   闲暇 暇时 时间 如何 休闲 娱乐   家务 分配   沟通   钱 
 最 不重 重要 的   嫉妒 嫉妒心   宗教   两 人 的 原生 家庭 问题 

 没想 没想到 想到 家务 分配 问题 居然 上 了 榜 和谐 稳定 的 生活   千万 千万别 为 家      全文"
84,#同居后最容易闹矛盾的点#女朋友跟前任同居过是什么感受？大家的经历真的走心了！,# 同居 后 最 容易 闹矛盾 矛盾 的 点 # 女朋友 朋友 跟前 前任 同居 过 是 什么 感受   大家 的 经历 真的 走 心 了  
85,@济南中院 #纪小槌说法#【法律常识：关于同居关系的相关法律问题】同居关系等于事实婚姻吗？ 同居期间发生暴力算家暴吗？ 解除同居关系时财产如何分割？详见↓ ↓ ↓ #同居后最容易闹矛盾的点#(@法制网 ）,  济南 南中 中院  # 纪 小 槌 说法 #  法律 法律常识 常识   关于 同居 关系 的 相关 关法 法律 问题   同居 关系 等于 事实 事实婚 婚姻 吗    同居 期间 发生 暴力 算 家暴 吗    解除 同居 关系 时 财产 如何 分割   详见       # 同居 后 最 容易 闹矛盾 矛盾 的 点 #   法制 法制网   
86,"#同居后最容易闹矛盾的点#
不存在最容易闹矛盾的点吧
因为时时刻刻都可能产生矛盾
吵到完全不想谈恋爱那种
不过现在不会有这种问题了","# 同居 后 最 容易 闹矛盾 矛盾 的 点 #
 不存 存在 最 容易 闹矛盾 矛盾 的 点 吧 
 因为 时时 时时刻刻 时刻 刻 都 可能 产生 产生矛盾 矛盾 
 吵到 完全 不想 谈恋爱 恋爱 那种 
 不过 现在 不会 有 这种 问题 了"
87,#同居后最容易闹矛盾的点# 同居后才知道，女孩子竟然是一种这么废柴的生物！（爱情真不是什么好东西！🍋🍋🍋🍋🍋🍋🍋🍋🍋🍋🍋🍋🍋）,# 同居 后 最 容易 闹矛盾 矛盾 的 点 #  同居 后 才 知道   女孩 女孩子 孩子 竟然 是 一种 这么 废 柴 的 生物    爱情 爱情真 情真 真不 不是 什么 好 东西                
88,#同居后最容易闹矛盾的点#搞卫生吧,# 同居 后 最 容易 闹矛盾 矛盾 的 点 # 搞 卫生 吧
89,#同居后最容易闹矛盾的点#家务和钱,# 同居 后 最 容易 闹矛盾 矛盾 的 点 # 家务 和 钱
90,#同居后最容易闹矛盾的点#首当其冲：做家务！谁干的多谁干的少！,# 同居 后 最 容易 闹矛盾 矛盾 的 点 # 首当 首当其冲   做 家务   谁 干 的 多 谁 干 的 少  
91,#同居后最容易闹矛盾的点#找东西老是问我，那个什么什么在哪啊，我又不自带GPS功能 南宁,# 同居 后 最 容易 闹矛盾 矛盾 的 点 # 找 东西 老 是 问 我   那个 什么 什么 在 哪 啊   我 又 不自 自带 GPS 功能   南宁
92,#同居后最容易闹矛盾的点# 你是否会婚前同居？ CP聚光灯的微博投票,# 同居 后 最 容易 闹矛盾 矛盾 的 点 #  你 是否 会 婚前 同居   CP 聚光 聚光灯 光灯 的 微 博 投票
93,"#同居后最容易闹矛盾的点#
【由家务导致的家庭矛盾怎么破？】
不管是情侣同居还是婚后生活，总会因为做家务或多或少产生矛盾，有的女性朋友抱怨说家里有很多的家务，老公一点都不帮忙，这些琐碎的事情让夫妻关系越来越紧张，也让彼此之间产生了很多的矛盾，有了孩子之后就更是这样了，这样的问题我们怎 ...全文","# 同居 后 最 容易 闹矛盾 矛盾 的 点 #
  由 家务 导致 的 家庭 矛盾 怎么 破   
 不管 是 情侣 同居 还是 婚后 后生 生活   总会 因为 做 家务 或多或少 少产 产生 产生矛盾 矛盾   有 的 女性 女性朋友 朋友 抱怨 说 家里 有 很多 的 家务   老公 一点 都 不 帮忙   这些 琐碎 的 事情 让 夫妻 夫妻关系 关系 越来 越来越 紧张   也 让 彼此 彼此之间 之间 产生 了 很多 的 矛盾   有 了 孩子 之后 就 更是 这样 了   这样 的 问题 我们 怎      全文"
94,你认为#同居后最容易闹矛盾的点#是什么？ 美眉圈的微博投票,你 认为 # 同居 后 最 容易 闹矛盾 矛盾 的 点 # 是 什么    美眉 圈 的 微 博 投票
95,#优秀的男朋友有什么标准# 电影《名扬四海》中经典浪漫片段，男主温柔演唱《Try》。这娃唱歌好听死了！ 电影评论人的秒拍视频 #同居后最容易闹矛盾的点#,# 优秀 的 男朋友 朋友 有 什么 标准 #  电影   名扬 名扬四海 四海   中经 经典 浪漫 片段   男 主 温柔 演唱  Try   这 娃 唱歌 好听 死 了    电影 影评 评论 人 的 秒 拍 视频  # 同居 后 最 容易 闹矛盾 矛盾 的 点 #
96,【法律常识：关于同居关系的相关法律问题】同居关系等于事实婚姻吗？ 同居期间发生暴力算家暴吗？ 解除同居关系时财产如何分割？详见↓ ↓ ↓ #同居后最容易闹矛盾的点#(@法制网 ）,  法律 法律常识 常识   关于 同居 关系 的 相关 关法 法律 问题   同居 关系 等于 事实 事实婚 婚姻 吗    同居 期间 发生 暴力 算 家暴 吗    解除 同居 关系 时 财产 如何 分割   详见       # 同居 后 最 容易 闹矛盾 矛盾 的 点 #   法制 法制网   
97,【法律常识：关于同居关系的相关法律问题】同居关系等于事实婚姻吗？ 同居期间发生暴力算家暴吗？ 解除同居关系时财产如何分割？详见↓ ↓ ↓ #同居后最容易闹矛盾的点#(@法制网 ）,  法律 法律常识 常识   关于 同居 关系 的 相关 关法 法律 问题   同居 关系 等于 事实 事实婚 婚姻 吗    同居 期间 发生 暴力 算 家暴 吗    解除 同居 关系 时 财产 如何 分割   详见       # 同居 后 最 容易 闹矛盾 矛盾 的 点 #   法制 法制网   
98,"#同居后最容易闹矛盾的点#
@海尔 洗碗机，不冷战","# 同居 后 最 容易 闹矛盾 矛盾 的 点 #
  海尔   洗碗 洗碗机   不 冷战"
99,"#同居后最容易闹矛盾的点#
家务谁做","# 同居 后 最 容易 闹矛盾 矛盾 的 点 #
 家务 谁 做"
100,【法律常识：关于同居关系的相关法律问题】同居关系等于事实婚姻吗？ 同居期间发生暴力算家暴吗？ 解除同居关系时财产如何分割？详见↓ ↓ ↓ #同居后最容易闹矛盾的点#(@法制网 ）,  法律 法律常识 常识   关于 同居 关系 的 相关 关法 法律 问题   同居 关系 等于 事实 事实婚 婚姻 吗    同居 期间 发生 暴力 算 家暴 吗    解除 同居 关系 时 财产 如何 分割   详见       # 同居 后 最 容易 闹矛盾 矛盾 的 点 #   法制 法制网   
101,#点滴普法# 【法律常识：关于同居关系的相关法律问题】同居关系等于事实婚姻吗？ 同居期间发生暴力算家暴吗？ 解除同居关系时财产如何分割？详见↓ ↓ ↓ #同居后最容易闹矛盾的点#(@法制网 ）,# 点滴 普法 #   法律 法律常识 常识   关于 同居 关系 的 相关 关法 法律 问题   同居 关系 等于 事实 事实婚 婚姻 吗    同居 期间 发生 暴力 算 家暴 吗    解除 同居 关系 时 财产 如何 分割   详见       # 同居 后 最 容易 闹矛盾 矛盾 的 点 #   法制 法制网   
102,#同居后最容易闹矛盾的点# 同居闹矛盾的情侣见多了，同居闹矛盾的国宝你见过吗？谁也不服！连咬脸这招都用上了熊猫打架，连咬脸这招都用上了,# 同居 后 最 容易 闹矛盾 矛盾 的 点 #  同居 闹矛盾 矛盾 的 情侣 见 多 了   同居 闹矛盾 矛盾 的 国宝 你 见 过 吗   谁 也 不服   连 咬 脸 这 招 都 用 上 了 熊猫 打架   连 咬 脸 这 招 都 用 上 了
103,"#同居后最容易闹矛盾的点#
以前的话……抢遥控器？😂现在大家电视看的少了
林更新仗着自己高胳膊长控制了遥控器😂
扛起林更新我就跑的秒拍视频","# 同居 后 最 容易 闹矛盾 矛盾 的 点 #
 以前 的话    抢 遥控 遥控器    现在 大家 家电 电视 看 的 少 了 
 林 更新 仗 着 自己 高 胳膊 长 控制 了 遥控 遥控器  
 扛起 林 更新 我 就 跑 的 秒 拍 视频"
104,#同居后最容易闹矛盾的点#嗯 可能是我变得越来越暴力了 然后共同发福 我要减肥又带我出去吃这样那样的 就很烦 就这样,# 同居 后 最 容易 闹矛盾 矛盾 的 点 # 嗯   可能 是 我 变得 越来 越来越 暴力 了   然后 共同 同发 发福   我 要 减肥 又 带 我 出去 吃 这样 那样 的   就 很烦   就 这样
105,#同居后最容易闹矛盾的点# 太多太多了，曾因为菜没摆好而大吵一架，不过更多的是快乐,# 同居 后 最 容易 闹矛盾 矛盾 的 点 #  太多 太多 了   曾 因为 菜 没 摆好 而 大吵 大吵一架 一架   不过 更多 的 是 快乐
106,#同居后最容易闹矛盾的点#@诗歌与太阳 点在哪,# 同居 后 最 容易 闹矛盾 矛盾 的 点 #  诗歌 与 太阳   点 在 哪
107,"#同居后最容易闹矛盾的点#
做饭
拍照
前女友","# 同居 后 最 容易 闹矛盾 矛盾 的 点 #
 做饭 
 拍照 
 前女友 女友"
108,#生活百科##同居后最容易闹矛盾的点# 初学者也能轻松掌握的缝补技巧！毛衣破洞、裤子太肥或裤腰太紧等问题可以这样解决，教你几个简单的缝补小技巧，学习一下，可能用得着~#中国红穿搭# 医疗音乐手绘君的微博视频,# 生活 百科 ## 同居 后 最 容易 闹矛盾 矛盾 的 点 #  初学 初学者 学者 也 能 轻松 掌握 的 缝补 技巧   毛衣 破洞   裤子 太 肥 或 裤腰 太紧 等 问题 可以 这样 解决   教 你 几个 简单 的 缝补 小 技巧   学习 一下   可能 能用 用得 用得着  # 中国 红 穿 搭 #  医疗 音乐 乐手 手绘 君 的 微 博 视频
109,#同居后最容易闹矛盾的点#我也想回答这个问题，可是我没有男朋友,# 同居 后 最 容易 闹矛盾 矛盾 的 点 # 我 也 想 回答 这个 问题   可是 我 没有 男朋友 朋友
110,#同居后最容易闹矛盾的点#反正我和任豪没闹过矛盾,# 同居 后 最 容易 闹矛盾 矛盾 的 点 # 反正 我 和 任 豪 没 闹 过 矛盾
111,【居家防火及火灾自救】国庆出门不忘三件事，熄火关气断电源…家庭着火赶快逃，湿被护身往外跑，楼道起火积浓烟，退守家中等救援！#同居后最容易闹矛盾的点# 看视频，学习更多知识⬇️ 江西消防的微博视频,  居家 防火 及 火灾 自救   国庆 出门 不 忘 三件 事   熄火 关 气 断电 电源   家庭 着火 赶快 快逃   湿 被 护身 往 外 跑   楼道 起火 积 浓烟   退守 家中 中等 救援  # 同居 后 最 容易 闹矛盾 矛盾 的 点 #  看视 视频   学习 更多 知识     江西 消防 的 微 博 视频
112,#同居后最容易闹矛盾的点#好多好多好多好多好多好多好多好多好多容易闹矛盾的点 以至于脑海中时常会浮现出结了婚后的各种繁琐画面 郑州,# 同居 后 最 容易 闹矛盾 矛盾 的 点 # 好多 好多好多 好多 好多好多 好多 好多好多 好多 好多好多 好多 好多好多 好多 好多好多 好多 好多好多 好多 好多好多 好多 容易 闹矛盾 矛盾 的 点   以至 以至于 至于 脑海 脑海中 海中 中时 时常 常会 浮现 现出 结了婚 婚后 的 各种 繁琐 画面   郑州
113,#同居后最容易闹矛盾的点#1.他总是自己的东西自己不知道摆哪里去了，每次找不到的时候就要发脾气，还要睁着眼睛说瞎话说自己就是放在哪哪哪的肯定是被我收拾走了，然后我就说我没看见也没拿就会大吵。2.他从来不丢任何垃圾和东西，从来不整理归位收纳，所有东西都是随手到处放，我只要三天不收拾整理家 ...全文,# 同居 后 最 容易 闹矛盾 矛盾 的 点 #1  他 总是 自己 的 东西 自己 不知 知道 摆 哪里 去 了   每次 找 不到 的 时候 就要 发脾气 脾气   还要 睁 着眼 眼睛 说瞎话 瞎话 说 自己 就是 放在 哪 哪 哪 的 肯定 是 被 我 收拾 走 了   然后 我 就 说 我 没看 看见 也 没 拿 就 会 大吵  2  他 从来 从来不 丢 任何 垃圾 和 东西   从来 从来不 整理 归位 收纳   所有 东西 西都 是 随手 到处 放   我 只要 三天 不收 收拾 整理 理家      全文
114,#同居后最容易闹矛盾的点#不知道 不过婚前同居，婚后一吵架 婆婆会某出这么一句话 你当初上杆子钻我儿子被窝的。。。,# 同居 后 最 容易 闹矛盾 矛盾 的 点 # 不知 知道   不过 婚前 同居   婚后 一 吵架   婆婆 会 某 出 这么 一句 话   你 当初 初上 杆子 钻 我 儿子 被窝 的    
115,#同居后最容易闹矛盾的点#一开始快毕业的时候没事做天天在家待着，我都十一点以后睡，老公不到十点就睡了早上六点就醒了他醒了我就睡不着，我都会把他赶出去我接着睡然后九十点钟被他喊起来吃早饭想想还挺怀念的，上了班就没有这种生活了 ...全文,# 同居 后 最 容易 闹矛盾 矛盾 的 点 # 一开 开始 快 毕业 的 时候 没事 做 天天 在家 待 着   我 都 十一 十一点 一点 以后 睡   老公 不到 十点 就 睡 了 早上 六点 就 醒 了 他 醒 了 我 就 睡不着 不着   我 都 会 把 他 赶出 赶出去 出去 我 接着 睡 然后 九十 九十点 十点 十点钟 点钟 被 他 喊起 喊起来 起来 吃 早饭 想想 还 挺 怀念 的   上 了 班 就 没有 这种 生活 了      全文
116,"#同居后最容易闹矛盾的点#
没有 脏乱差懒都无所谓 爱我就好 听话就好","# 同居 后 最 容易 闹矛盾 矛盾 的 点 #
 没有   脏乱 脏乱差 懒 都 无所 无所谓 所谓   爱 我 就 好   听话 就 好"
117,#同居后最容易闹矛盾的点#情侣之间真的还是需要有彼此的空间比较好，有一句俗话“远了香，近了臭”是真的，同居后彼此之间的缺点就会暴露出来，看你能不能接受的了，磨合好的自然而然的就结婚了，接受不了的很快就会就去疲倦期甚至分手…,# 同居 后 最 容易 闹矛盾 矛盾 的 点 # 情侣 之间 真的 还是 需要 有 彼此 的 空间 比较 好   有 一句 俗话   远 了 香   近 了 臭   是 真的   同居 后 彼此 彼此之间 之间 的 缺点 就 会 暴露 暴露出 露出 出来   看 你 能 不能 接受 的 了   磨合 合好 的 自然 自然而然 然而 然 的 就 结婚 了   接受 受不了 不了 的 很快 就 会 就 去 疲倦 期 甚至 分手  
118,"#同居后最容易闹矛盾的点#
看我心情 东营","# 同居 后 最 容易 闹矛盾 矛盾 的 点 #
 看 我心 心情   东营"
119,#同居后最容易闹矛盾的点# 同居后有哪些事情最容易引起矛盾呢？听听他们是怎么说的~你还有哪些点想吐槽？一起来讨论吧#疯狂婚礼季# 微博婚礼的微博视频,# 同居 后 最 容易 闹矛盾 矛盾 的 点 #  同居 后 有 哪些 事情 最 容易 引起 引起矛盾 矛盾 呢   听听 他们 是 怎么 说 的   你 还有 哪些 点 想 吐 槽   一起 起来 讨论 吧 # 疯狂 婚礼 季 #  微 博 婚礼 的 微 博 视频
120,"#同居后最容易闹矛盾的点#
（1）找对人了是不会有啥矛盾的。我跟我对象同居以前一直没吵过架 我以为他是装的 结果同居以后发现他是真讲卫生 工作比我忙 但家务做的不比我少 。
（2）我说没洗澡就不准碰床单 他就用两个椅子拼一起躺在椅子上玩手机 。我也不会催他去洗澡 他想上床了自然就回去洗。
（3） ...全文","# 同居 后 最 容易 闹矛盾 矛盾 的 点 #
 1  找 对 人 了 是 不会 有 啥 矛盾 的   我 跟 我 对象 同居 以前 一直 没吵 吵过 架   我 以为 他 是 装 的   结果 同居 以后 后发 发现 他 是 真 讲卫生 卫生   工作 比 我 忙   但 家务 做 的 不 比 我 少   
 2  我 说 没洗 洗澡 就 不准 碰 床单   他 就 用 两个 椅子 拼 一起 躺 在 椅子 上 玩手 手机    我 也 不会 催 他 去 洗澡   他 想 上床 了 自然 就 回去 洗  
 3      全文"
121,#同居后最容易闹矛盾的点#同居一段时间，然后反思一下这段时间有什么开心的事，有什么不开心的事，如果想起的不开心的事聚多，那么你就得慎重考虑要不要继续下去了。,# 同居 后 最 容易 闹矛盾 矛盾 的 点 # 同居 一段 一段时间 段时间 时间   然后 反思 一下 这段 段时间 时间 有 什么 开心 的 事   有 什么 不开 开心 的 事   如果 想起 的 不开 开心 的 事 聚 多   那么 你 就 得 慎重 慎重考虑 重考 考虑 要 不要 继续 继续下去 下去 了  
122,"#同居后最容易闹矛盾的点#
人生总会遇到一些迷茫彷徨的节点，但岁月不会凭空给你惊喜。没有谁的经验能全盘指导你的人生，你才是自己的过来人。别害怕，勇敢去尝试，你的每一次努力，都在增加面对这世界的底气。努力这件小事，真的值得你去坚持一辈子。","# 同居 后 最 容易 闹矛盾 矛盾 的 点 #
 人生 总会 遇到 一些 迷茫 彷徨 的 节点   但 岁月 不会 凭空 给 你 惊喜   没有 谁 的 经验 能 全盘 指导 你 的 人生   你 才 是 自己 的 过来 过来人   别 害怕   勇敢 去 尝试   你 的 每 一次 努力   都 在 增加 面对 这 世界 的 底气   努力 这件 小事   真的 值得 你 去 坚持 一辈 一辈子 辈子  "
123,【居家防火及火灾自救】国庆出门不忘三件事，熄火关气断电源…家庭着火赶快逃，湿被护身往外跑，楼道起火积浓烟，退守家中等救援！#同居后最容易闹矛盾的点# 看视频，学习更多知识⬇️ 江西消防的微博视频,  居家 防火 及 火灾 自救   国庆 出门 不 忘 三件 事   熄火 关 气 断电 电源   家庭 着火 赶快 快逃   湿 被 护身 往 外 跑   楼道 起火 积 浓烟   退守 家中 中等 救援  # 同居 后 最 容易 闹矛盾 矛盾 的 点 #  看视 视频   学习 更多 知识     江西 消防 的 微 博 视频
124,#同居后最容易闹矛盾的点#你觉得同居后最容易闹矛盾的点有哪些？ 天府发布的微博投票,# 同居 后 最 容易 闹矛盾 矛盾 的 点 # 你 觉得 同居 后 最 容易 闹矛盾 矛盾 的 点 有 哪些    天府 发布 的 微 博 投票
125,#同居后最容易闹矛盾的点#反正婚前必须试婚，不然以后性生活不和谐那肯定要出轨。谈个半年左右可以试婚。如果感觉不行，就换,# 同居 后 最 容易 闹矛盾 矛盾 的 点 # 反正 婚前 必须 试婚   不然 以后 性生活 生活 不 和谐 那 肯定 定要 出轨   谈 个 半年 左右 可以 试婚   如果 感觉 不行   就 换
126,#同居后最容易闹矛盾的点#虽然没有同居的经验，但是我觉得是卫生怎么打扫，空调什么时候开，开多少度，晚上几点睡，早上什么时候起……,# 同居 后 最 容易 闹矛盾 矛盾 的 点 # 虽然 没有 同居 的 经验   但是 我 觉得 是 卫生 怎么 打扫   空调 什么 时候 开   开 多少 多少度   晚上 几点 睡   早上 什么 时候 起   
127,#同居后最容易闹矛盾的点# 我觉得还是要看你们之前的出发点：你是为什么同居的呢？是为了新鲜刺激吗？,# 同居 后 最 容易 闹矛盾 矛盾 的 点 #  我 觉得 还是 要 看 你们 之前 的 出发 出发点 发点   你 是 为什么 什么 同居 的 呢   是 为了 新鲜 刺激 吗  
128,#同居后最容易闹矛盾的点# 我觉得还是要看你们之前的出发点：你是为什么同居的呢？是为了新鲜刺激吗，还是真的想在一起生活互相照顾了？,# 同居 后 最 容易 闹矛盾 矛盾 的 点 #  我 觉得 还是 要 看 你们 之前 的 出发 出发点 发点   你 是 为什么 什么 同居 的 呢   是 为了 新鲜 刺激 吗   还是 真的 想 在 一起 生活 互相 互相照顾 照顾 了  
129,"#同居后最容易闹矛盾的点#
情侣闹矛盾并没有什么不好，有的时候吵的越凶，说明双方都在乎对方，从女性情感的角度来说，这样可以增进两个人的感情，但是，情侣闹矛盾太过火的话，那就另当别论了。
既然俗话都说了，没有不吵架的夫妻，没有不闹别扭的情侣。所以，问题不是在于有矛盾，而是在于我们如何看 ...全文","# 同居 后 最 容易 闹矛盾 矛盾 的 点 #
 情侣 闹矛盾 矛盾 并 没有 什么 不好   有 的 时候 吵 的 越 凶   说明 双方 都 在乎 对方   从 女性 性情 情感 的 角度 来说   这样 可以 增进 两个 个人 的 感情   但是   情侣 闹矛盾 矛盾 太过火 过火 的话   那 就 另当别论 别论 了  
 既然 俗话 都 说 了   没有 不 吵架 的 夫妻   没有 不 闹别扭 别扭 的 情侣   所以   问题 不是 在于 有 矛盾   而是 在于 我们 如何 看      全文"
130,#同居后最容易闹矛盾的点# 你是为什么同居的呢？是为了新鲜刺激呢，还是感情真的到了该一起生活的程度？,# 同居 后 最 容易 闹矛盾 矛盾 的 点 #  你 是 为什么 什么 同居 的 呢   是 为了 新鲜 刺激 呢   还是 感情 情真 真的 到 了 该 一起 生活 的 程度  
131,"【居家防火及火灾自救】国庆出门不忘三件事，熄火关气断电源…家庭着火赶快逃，湿被护身往外跑，楼道起火积浓烟，退守家中等救援！#同居后最容易闹矛盾的点# 看视频，学习更多知识⬇️
江西消防的微博视频","  居家 防火 及 火灾 自救   国庆 出门 不 忘 三件 事   熄火 关 气 断电 电源   家庭 着火 赶快 快逃   湿 被 护身 往 外 跑   楼道 起火 积 浓烟   退守 家中 中等 救援  # 同居 后 最 容易 闹矛盾 矛盾 的 点 #  看视 视频   学习 更多 知识   
 江西 消防 的 微 博 视频"
132,【3分钟了解家暴！】①对同居的男女朋友同样有效；②经常性的谩骂、恐吓等精神暴力也认定为家暴；③遭遇家暴，可向法院申请人身安全保护令。无论性别，遭遇家暴时，请拿起法律的武器保护自己！#同居后最容易闹矛盾的点# 共青团中央的秒拍视频, 3 分钟 了解 家暴     对 同居 的 男女 男女朋友 女朋友 朋友 同样 有效    经常 经常性 常性 的 谩骂   恐吓 等 精神 暴力 也 认定 定为 家暴    遭遇 家暴   可向 法院 申请 申请人 人身 人身安全 安全 保护 令   无论 性别   遭遇 家暴 时   请 拿起 法律 的 武器 保护 自己  # 同居 后 最 容易 闹矛盾 矛盾 的 点 #  共青 共青团 共青团中央 团中央 中央 的 秒 拍 视频
133,#同居后最容易闹矛盾的点# 我觉得还是要看你们之前的出发点：你是为什么同居的呢？是为了新鲜刺激吗？#情感# 微博视频,# 同居 后 最 容易 闹矛盾 矛盾 的 点 #  我 觉得 还是 要 看 你们 之前 的 出发 出发点 发点   你 是 为什么 什么 同居 的 呢   是 为了 新鲜 刺激 吗  # 情感 #  微 博 视频
134,"#同居后最容易闹矛盾的点#
不洗澡就上床真的很咸","# 同居 后 最 容易 闹矛盾 矛盾 的 点 #
 不 洗澡 就 上床 真的 很 咸"
135,【“只要感情好，结婚证不重要”？这里给你答案！】“我们在老家办了酒席，一直没有领证，算不算事实婚姻呢？”“我和男朋友同居八年，一直还没领证，我们的财产应该如何划分呢？”你还在认为夫妻之实=事实婚姻？其实，认定事实婚姻是存在时间条件和实质要件的！快戳视频学习起来↓↓↓ ...全文,   只要 感情 好   结婚 结婚证 不重 重要    这里 给 你 答案     我们 在 老家 办 了 酒席   一直 没有 领证   算不算 不算 事实 事实婚 婚姻 呢     我 和 男朋友 朋友 同居 八年   一直 还 没 领证   我们 的 财产 应该 如何 划分 呢    你 还 在 认为 夫妻 之 实   事实 事实婚 婚姻   其实   认定 事实 事实婚 婚姻 是 存在 时间 条件 和 实质 质要 要件 的   快 戳 视频 学习 起来         全文
136,#WEVIBE# 聊个话题，大家觉得#同居后最容易闹矛盾的点#有哪些？网页链接,#WEVIBE#  聊个 话题   大家 觉得 # 同居 后 最 容易 闹矛盾 矛盾 的 点 # 有 哪些   网页 链接
137,【“只要感情好，结婚证不重要”？这里给你答案！】“我们在老家办了酒席，一直没有领证，算不算事实婚姻呢？”“我和男朋友同居八年，一直还没领证，我们的财产应该如何划分呢？”你还在认为夫妻之实=事实婚姻？其实，认定事实婚姻是存在时间条件和实质要件的！快戳视频学习起来↓↓↓ ...全文,   只要 感情 好   结婚 结婚证 不重 重要    这里 给 你 答案     我们 在 老家 办 了 酒席   一直 没有 领证   算不算 不算 事实 事实婚 婚姻 呢     我 和 男朋友 朋友 同居 八年   一直 还 没 领证   我们 的 财产 应该 如何 划分 呢    你 还 在 认为 夫妻 之 实   事实 事实婚 婚姻   其实   认定 事实 事实婚 婚姻 是 存在 时间 条件 和 实质 质要 要件 的   快 戳 视频 学习 起来         全文
138,#同居后最容易闹矛盾的点# 情侣同居故事，1个房间2个人3分钟，从甜蜜到心碎，一个房间展示爱情的全部过程，从最初甜蜜的如胶似漆，到争吵过后的无限冷战，再到分离过后的悲痛欲绝，似乎是大多数情侣必经的过程。 长春大媒人的微博视频,# 同居 后 最 容易 闹矛盾 矛盾 的 点 #  情侣 同居 故事  1 个 房间 2 个人 3 分钟   从 甜蜜 到 心碎   一个 房间 展示 示爱 爱情 的 全部 过程   从 最初 甜蜜 的 如胶似漆   到 争吵 吵过 过后 的 无限 冷战   再 到 分离 过后 的 悲痛 悲痛欲绝 欲绝   似乎 是 大多 大多数 多数 情侣 必经 的 过程    长春 大媒 媒人 的 微 博 视频
139,#同居后最容易闹矛盾的点# 女朋友跟前任同居过是什么感受？大家的经历真的走心了！,# 同居 后 最 容易 闹矛盾 矛盾 的 点 #  女朋友 朋友 跟前 前任 同居 过 是 什么 感受   大家 的 经历 真的 走 心 了  
140,"#同居后最容易闹矛盾的点#卫生！卫生！卫生！
我跟你讲，性别都不重要，重要的是卫生！！！","# 同居 后 最 容易 闹矛盾 矛盾 的 点 # 卫生   卫生   卫生  
 我 跟 你 讲   性别 都 不重 重要   重要 的 是 卫生    "
141,#淮矫微普法##普法宣传进行时# 【关于同居关系的相关问题解答！】同居关系是男女双方未办理婚姻登记而自愿、持续、稳定、公开地有性生活内容的共同生活在一起的社会关系。①同居关系等于事实婚姻吗？ ②同居期间发生暴力算家暴吗？ ③解除同居关系时财产如何分割？详见↓ ↓ ↓ ...全文,# 淮 矫 微 普法 ## 普法 宣传 进行 行时 #   关于 同居 关系 的 相关 问题 问题解答 题解 解答    同居 关系 是 男女 男女双方 双方 未办 未办理 办理 婚姻 婚姻登记 登记 而 自愿   持续   稳定   公开 开地 有性 性生活 生活 内容 的 共同 同生 生活 在 一起 的 社会 社会关系 关系    同居 关系 等于 事实 事实婚 婚姻 吗     同居 期间 发生 暴力 算 家暴 吗     解除 同居 关系 时 财产 如何 分割   详见           全文
142,"#同居后最容易闹矛盾的点#
吃饭问题。
一群人住在一起，所有人都催林更新去做饭。林更新日常拒绝🙄🙄🙄(放开我北鼻第二季)
这屋我呆不了了~！(发出林更新的声音)
日韩综艺汇的秒拍视频","# 同居 后 最 容易 闹矛盾 矛盾 的 点 #
 吃饭 吃饭问题 问题  
 一群 人 住在一起 一起   所有 所有人 有人 都 催林 更新 去 做饭   林 更新 新日 日常 拒绝      放开 我 北 鼻 第二 第二季 二季  
 这 屋 我 呆 不了 了了     发出 林 更新 的 声音  
 日 韩 综艺 汇 的 秒 拍 视频"
143,"情感超话 抑郁的人，比一般人更能看清现实 ，但快乐需要一些自我欺骗。
##同居后最容易闹矛盾的点##","情感 超 话   抑郁 的 人   比 一般 人 更 能 看清 现实    但 快乐 需要 一些 自我 欺骗  
## 同居 后 最 容易 闹矛盾 矛盾 的 点 ##"
144,3分钟了解家暴！①对同居的男女朋友同样有效；②经常性的谩骂、恐吓等精神暴力也认定为家暴；③遭遇家暴，可向法院申请人身安全保护令。无论性别，遭遇家暴时，请拿起法律的武器保护自己！#同居后最容易闹矛盾的点# 网页链接,3 分钟 了解 家暴    对 同居 的 男女 男女朋友 女朋友 朋友 同样 有效    经常 经常性 常性 的 谩骂   恐吓 等 精神 暴力 也 认定 定为 家暴    遭遇 家暴   可向 法院 申请 申请人 人身 人身安全 安全 保护 令   无论 性别   遭遇 家暴 时   请 拿起 法律 的 武器 保护 自己  # 同居 后 最 容易 闹矛盾 矛盾 的 点 #  网页 链接
145,"#同居后最容易闹矛盾的点#
他老是会不由自主的硬起来","# 同居 后 最 容易 闹矛盾 矛盾 的 点 #
 他 老 是 会 不由 不由自主 自主 的 硬 起来"
146,"#同居后最容易闹矛盾的点#
同居前后并没有什么变化，没有矛盾没有争吵，每天都会聊天聊很久，有的时候还会想：怎么会遇到这么合适的人！","# 同居 后 最 容易 闹矛盾 矛盾 的 点 #
 同居 前后 并 没有 什么 变化   没有 矛盾 没有 争吵   每天 天都 会 聊天 聊 很久   有 的 时候 还 会 想   怎么 会 遇到 这么 合适 的 人  "
147,#同居后最容易闹矛盾的点#我烦家里到处都是都是她的头发，烦椅子上怎么总有一堆衣服，烦鞋子为啥脱了不好好摆在鞋架上，她烦我怎么还活着。,# 同居 后 最 容易 闹矛盾 矛盾 的 点 # 我 烦 家里 到处 都 是 都 是 她 的 头发   烦 椅子 上 怎么 总 有 一堆 衣服   烦 鞋子 为啥 脱 了 不好 好好 摆在 鞋架 架上   她 烦 我 怎么 还 活着  
148,#同居后最容易闹矛盾的点#大多数都是因为钱吧 那时候他没上进心 不上班天天打游戏 房租花销都是我 优点就是他做饭是真好吃 什么都会做 最后还是分手了 跟他在一起我太累了,# 同居 后 最 容易 闹矛盾 矛盾 的 点 # 大多 大多数 多数 都 是因为 因为 钱 吧   那时 时候 他 没上 上进 上进心   不 上班 天天 打游戏 游戏   房租 花销 都 是 我   优点 就是 他 做饭 是 真好 好吃   什么 都 会 做   最后 还是 分手 了   跟 他 在 一起 我 太 累 了
149,#同居后最容易闹矛盾的点# 不婚不育保平安恋爱玩玩就好，认真你就输了。,# 同居 后 最 容易 闹矛盾 矛盾 的 点 #  不 婚 不育 保平 保平安 平安 恋爱 爱玩 玩玩 就 好   认真 你 就 输 了  
150,#同居后最容易闹矛盾的点#不支持婚前同居！以恋爱的理由耍流氓！ 天津·马记特色包子,# 同居 后 最 容易 闹矛盾 矛盾 的 点 # 不支 支持 婚前 同居   以 恋爱 的 理由 耍流氓 流氓    天津   马 记 特色 包子
151,"#同居后最容易闹矛盾的点#在知乎上看到一篇妈妈写给女儿关于同居的看法：“同居关系，能够使你们更好的去体验双方精神上有没有共同的追求。

相处之后，时间的磨砺，露出两个人的矛盾、无聊甚至丑陋的一面的时候，才能更好的审视精神上是否协调一致，是否有更多的相同的追求，而这在恋爱中，你很难去体 ...全文","# 同居 后 最 容易 闹矛盾 矛盾 的 点 # 在 知 乎 上 看到 一篇 妈妈 写给 女儿 关于 同居 的 看法    同居 关系   能够 使 你们 更好 的 去 体验 双方 精神 上有 有没有 没有 共同 的 追求  

 相处 之后   时间 的 磨砺   露出 两个 个人 的 矛盾   无聊 甚至 丑陋 的 一面 的 时候   才能 更好 的 审视 精神 上 是否 协调 协调一致 一致   是否 有 更多 的 相同 的 追求   而 这 在 恋爱 中   你 很 难 去 体      全文"
152,"#同居后最容易闹矛盾的点#
彼此不信任对方
同居后发现对方的习惯接受不了","# 同居 后 最 容易 闹矛盾 矛盾 的 点 #
 彼此 不信 信任 对方 
 同居 后发 发现 对方 的 习惯 接受 受不了 不了"
153,#同居后最容易闹矛盾的点# 天天催我洗澡，头发不干不准躺床上。说好减肥，半夜缠我一起吃面条。想到这里我就饿，我要把她的螺蛳粉全部吃光，让她一袋都吃不到。,# 同居 后 最 容易 闹矛盾 矛盾 的 点 #  天天 催 我 洗澡   头发 发不 干 不准 躺 床上   说好 减肥   半夜 缠 我 一起 吃 面条   想到 这里 我 就 饿   我 要 把 她 的 螺蛳 粉 全部 吃光   让 她 一袋 都 吃 不到  
154,"#同居后最容易闹矛盾的点#
从最初的相遇到最后的结婚

同居后的生活一定是平淡且繁琐的

无论发生何种矛盾

都要想想怎么当初在一起的艰难

我们从来不怀疑双方的真心

我们的眼睛永远看着同一片星空

永远不忘初心，才能方得始终

爱情亦如是！
网恋奔现的微博视频","# 同居 后 最 容易 闹矛盾 矛盾 的 点 #
 从 最初 的 相遇 遇到 最后 的 结婚 

 同居 后 的 生活 一定 是 平淡 且 繁琐 的 

 无论 发生 何种 矛盾 

 都 要 想想 怎么 当初 在 一起 的 艰难 

 我们 从来 从来不 怀疑 双方 的 真心 

 我们 的 眼睛 永远 看着 同一 一片 星空 

 永远 不 忘 初心   才能 方 得 始终 

 爱情 亦 如是  
 网恋 奔 现 的 微 博 视频"
155,#普法课堂# 【关于同居关系的相关法律问题】同居关系等于事实婚姻吗？ 同居期间发生暴力算家暴吗？ 解除同居关系时财产如何分割？详见↓ #同居后最容易闹矛盾的点# @法制网,# 普法 课堂 #   关于 同居 关系 的 相关 关法 法律 问题   同居 关系 等于 事实 事实婚 婚姻 吗    同居 期间 发生 暴力 算 家暴 吗    解除 同居 关系 时 财产 如何 分割   详见   # 同居 后 最 容易 闹矛盾 矛盾 的 点 #   法制 法制网
156,#同居后最容易闹矛盾的点#晚上11点,# 同居 后 最 容易 闹矛盾 矛盾 的 点 # 晚上 11 点
157,#同居后最容易闹矛盾的点#我超想和汪椿凯试一试 但是我害怕他什么东西找不到怪我 还怕他每天被我叫醒烦这两次见面都出现了这种可怕的问题 这是必须值得一提的事！,# 同居 后 最 容易 闹矛盾 矛盾 的 点 # 我 超想 和 汪 椿 凯 试一试   但是 我 害怕 他 什么 东西 找 不到 怪 我   还怕 他 每天 被 我 叫醒 烦 这 两次 见面 都 出现 了 这种 可怕 的 问题   这 是 必须 值得 值得一提 的 事  
158,"#同居后最容易闹矛盾的点#这个话题还是让我想起上次我大半夜闹着要回家
晚上在程同学家没回家，然后睡到快一点了还没睡着，各种烦闷，程同学都已经睡着了，我喊醒他快送我回家，我要回家。他朦朦胧胧醒来问我为啥回家，我说我睡不着，然后就哭了起来，起来换好衣服准备出门，他拉着我喊我别着急 ...全文","# 同居 后 最 容易 闹矛盾 矛盾 的 点 # 这个 话题 还是 让 我 想起 上次 我 大半 大半夜 半夜 闹 着 要 回家 
 晚上 在 程 同学 学家 没回 回家   然后 睡到 快 一点 了 还 没 睡着   各种 烦闷   程 同学 都 已经 睡着 了   我 喊醒 他 快 送 我 回家   我 要 回家   他 朦朦 朦朦胧胧 朦胧 胧 醒来 问 我 为啥 回家   我 说 我 睡不着 不着   然后 就 哭 了 起来   起来 换 好 衣服 准备 出门   他 拉 着 我 喊 我 别着 别着急 着急      全文"
159,"#同居后最容易闹矛盾的点#

宝宝不识得惊，
但是父母担忧…… 湛江","# 同居 后 最 容易 闹矛盾 矛盾 的 点 #

 宝宝 不识 识得 惊  
 但是 父母 担忧     湛江"
160,"#同居后最容易闹矛盾的点#
人与人之间最大的爱，就是装作互相理解。人与人之间最大的理解，就是装作相爱。
/修新羽","# 同居 后 最 容易 闹矛盾 矛盾 的 点 #
 人 与 人 之间 最大 的 爱   就是 装作 互相 互相理解 理解   人 与 人 之间 最大 的 理解   就是 装作 相爱  
  修 新 羽"
161,#同居后最容易闹矛盾的点# 像我这样的女人，如果同居了，只会全部按照对方的情绪和习惯去生活，就算有矛盾，也只会是因为发生了伤感情的事情！,# 同居 后 最 容易 闹矛盾 矛盾 的 点 #  像 我 这样 的 女人   如果 同居 了   只 会 全部 按照 对方 的 情绪 和 习惯 去 生活   就算 有 矛盾   也 只 会 是因为 因为 发生 了 伤感 伤感情 感情 的 事情  
162,"#同居后最容易闹矛盾的点#
害怕吵完架
对方甩门离开我
更害怕离家出走
在陌生的城市流离失所

——羊肉串专属情话
天蝎座超话拥抱的理由","# 同居 后 最 容易 闹矛盾 矛盾 的 点 #
 害怕 吵 完 架 
 对方 甩 门 离开 我 
 更 害怕 离家 离家出走 出走 
 在 陌生 的 城市 流离 流离失所 失所 

   羊肉 羊肉串 专属 情话 
 天蝎 天蝎座 超 话 拥抱 的 理由"
163,#同居后最容易闹矛盾的点# 一个人生活比较自由，两个人生活就难免要迁就对方。来说说看，你觉得两个人一起住，哪些事情最容易变成矛盾？ 新密市 中国婚博会的微博投票,# 同居 后 最 容易 闹矛盾 矛盾 的 点 #  一个 个人 人生 生活 比较 自由   两个 个人 人生 生活 就 难免 要 迁就 对方   来说 说说看   你 觉得 两个 个人 一起 住   哪些 事情 最 容易 易变 变成 矛盾    新密 新密市   中国 婚 博会 的 微 博 投票
164,#普法课堂# 【关于同居关系的相关法律问题】同居关系等于事实婚姻吗？ 同居期间发生暴力算家暴吗？ 解除同居关系时财产如何分割？详见↓ #同居后最容易闹矛盾的点# @法制网,# 普法 课堂 #   关于 同居 关系 的 相关 关法 法律 问题   同居 关系 等于 事实 事实婚 婚姻 吗    同居 期间 发生 暴力 算 家暴 吗    解除 同居 关系 时 财产 如何 分割   详见   # 同居 后 最 容易 闹矛盾 矛盾 的 点 #   法制 法制网
165,#同居后最容易闹矛盾的点#🈚️@朝乾夕惕护卿卿,# 同居 后 最 容易 闹矛盾 矛盾 的 点 #    朝乾夕惕 护 卿卿
166,#同居后最容易闹矛盾的点#好朋友同居还是男女朋友同居呢大家好像默认为男女关系了,# 同居 后 最 容易 闹矛盾 矛盾 的 点 # 好 朋友 同居 还是 男女 男女朋友 女朋友 朋友 同居 呢 大家 好像 默认 认为 男女 男女关系 关系 了
167,#同居后最容易闹矛盾的点#最大的矛盾就是，刚开始可能是爱着，后来距离太近却不爱了吧,# 同居 后 最 容易 闹矛盾 矛盾 的 点 # 最大 的 矛盾 就是   刚 开始 可能 是 爱 着   后来 距离 太 近 却 不 爱 了 吧
168,"同居后很多问题都会被发现或放大，所以结婚前先同居是有必要的，同居后才知道这个人是不是真的适合未来一起生活。

#同居后最容易闹矛盾的点#","同居 后 很多 问题 都 会 被 发现 或 放大   所以 结婚 婚前 先同 同居 是 有 必要 的   同居 后 才 知道 这个 个人 是不是 不是 真的 适合 未来 一起 生活  

# 同居 后 最 容易 闹矛盾 矛盾 的 点 #"
169,#同居后最容易闹矛盾的点# 我记得同居好像在法律上还是违法行为，可真实世界是同居可以上热搜，所以法律落后了现实世界多少年？,# 同居 后 最 容易 闹矛盾 矛盾 的 点 #  我 记得 同居 好像 在 法律 上 还是 违法 违法行为 行为   可 真实 真实世界 世界 是 同居 可以 以上 热 搜   所以 以法 法律 落后 了 现实 世界 多少 少年  
170,#纪小槌说法#【法律常识：关于同居关系的相关法律问题】同居关系等于事实婚姻吗？ 同居期间发生暴力算家暴吗？ 解除同居关系时财产如何分割？详见↓ ↓ ↓ #同居后最容易闹矛盾的点#(@法制网 ）,# 纪 小 槌 说法 #  法律 法律常识 常识   关于 同居 关系 的 相关 关法 法律 问题   同居 关系 等于 事实 事实婚 婚姻 吗    同居 期间 发生 暴力 算 家暴 吗    解除 同居 关系 时 财产 如何 分割   详见       # 同居 后 最 容易 闹矛盾 矛盾 的 点 #   法制 法制网   
171,"#同居后最容易闹矛盾的点#
一无所有来，一无所有走，中间的过程里，说“失去”都是太抬举自己了，借来的，还回去，摊开手心，握紧拳头。
/春夏","# 同居 后 最 容易 闹矛盾 矛盾 的 点 #
 一无所有 无所 所有 来   一无所有 无所 所有 走   中间 的 过程 里   说   失去   都 是 太 抬举 自己 了   借来 的   还 回去   摊开 手心   握紧 握紧拳头 拳头  
  春夏"
172,"没同居前，两个人的恋爱，是不断在脑内美化彼此；而同居之后，两个人的感情，是在真实的嫌弃中越来越深。

#同居后最容易闹矛盾的点# 可能不少，但是爱也不会少。","没 同居 前   两个 个人 的 恋爱   是 不断 在 脑 内 美化 彼此   而 同居 之后   两个 个人 的 感情   是 在 真实 的 嫌弃 中越 越来 越来越 越深  

# 同居 后 最 容易 闹矛盾 矛盾 的 点 #  可能 不少   但是 爱 也 不会 少  "
173,#同居后最容易闹矛盾的点# 谁倒垃圾,# 同居 后 最 容易 闹矛盾 矛盾 的 点 #  谁 倒 垃圾
174,【“20岁以后，我终于治愈了孤独”】20岁以前，“我”曾经孤独过，渴望出人头地，渴望发大财，借着身上的光环被重视、被看见来对抗孤独。可20岁以后，却发现一个个的小成就，却会让自己更加孤独。情感危机、职业迷茫和人生苦痛，靠成功和地位无法化解。治愈孤独的，恰恰是一种你意想不到的小事。 ...全文,  20 岁 以后   我 终于 治愈 了 孤独   20 岁 以前    我   曾经 孤独 过   渴望 出人头地 人头 地   渴望 发大财   借着 身上 的 光环 被 重视   被 看见 来 对抗 孤独   可 20 岁 以后   却 发现 一个 一个个 个个 的 小成 成就   却 会 让 自己 更加 孤独   情感 危机   职业 迷茫 和 人生 苦痛   靠 成功 和 地位 无法 化解   治愈 孤独 的   恰恰 是 一种 你 意想 意想不到 想不到 不到 的 小事       全文
175,#同居后最容易闹矛盾的点#想知道结婚后最容易闹矛盾的点,# 同居 后 最 容易 闹矛盾 矛盾 的 点 # 想 知道 结婚 婚后 最 容易 闹矛盾 矛盾 的 点
176,你觉得#同居后最容易闹矛盾的点#是哪种？ 解忧小瓶盖的微博投票,你 觉得 # 同居 后 最 容易 闹矛盾 矛盾 的 点 # 是 哪种    解忧 小瓶 瓶盖 的 微 博 投票
177,#同居后最容易闹矛盾的点#我觉得在两个人要谈婚论嫁的前提下同居可以（不要随便谈了三五个月就住一起，跟陌生人区别并不大），然后发生关系要保护好自己，毕竟没结婚，他随时可以离开，如果怀孕了，要或者不要，受苦受累的都是女孩子！个人观点，接受反驳，不要骂人！,# 同居 后 最 容易 闹矛盾 矛盾 的 点 # 我 觉得 在 两个 个人 要 谈婚论嫁 的 前提 提下 下同 同居 可以   不要 随便 谈 了 三五 三五个 五个 月 就 住 一起   跟 陌生 陌生人 生人 区别 并不大 不大    然后 后发 发生 关系 要 保护 护好 自己   毕竟 没 结婚   他 随时 可以 离开   如果 怀孕 了   要 或者 不要   受苦 受苦受累 受累 的 都 是 女孩 女孩子 孩子   个人 个人观点 观点   接受 反驳   不要 骂人  
178,"#同居后最容易闹矛盾的点#
我和新来学姐们唯一的不同点：
她们不想开空调
理由：""那一个月得花多少钱啊""
我
里楼没有风 我住的床位又最不过风
晚上贼热 睡不好,,Ծ^Ծ,, 嘤嘤嘤(ಥ_ಥ)","# 同居 后 最 容易 闹矛盾 矛盾 的 点 #
 我 和 新 来 学姐 姐们 唯一 的 不同 不同点 同点  
 她们 不想 想开 空调 
 理由    那 一个 一个月 得 花 多少 多少钱 啊  
 我 
 里 楼 没有 风   我 住 的 床位 又 最 不过 风 
 晚上 贼 热   睡 不好          嘤 嘤 嘤      "
179,#同居后最容易闹矛盾的点#最讨厌的就是他喜欢打呼噜不能忍不能忍，忍了7年了每次我被他吵醒我都要捏他鼻子堵他嘴，等他醒了我再睡。,# 同居 后 最 容易 闹矛盾 矛盾 的 点 # 最 讨厌 的 就是 他 喜欢 打呼 打呼噜 呼噜 不能 忍 不能 忍   忍 了 7 年 了 每次 我 被 他 吵醒 我 都 要 捏 他 鼻子 堵 他 嘴   等 他 醒 了 我 再 睡  
180,#同居后最容易闹矛盾的点#以前一直觉得是正确毋庸置疑的，今天仔细看了看别人分析，感觉说得也有道理，同居其实会降低婚后新鲜感和幸福感，因为同居本来就和结婚差不多，到时结婚也就是领个证办婚礼走过场而已，其他都已经经历过了。感觉就有点小枯燥了。而且同居分手的话，其实对女孩子的名声损害也不 ...全文,# 同居 后 最 容易 闹矛盾 矛盾 的 点 # 以前 一直 直觉 觉得 是 正确 毋庸 毋庸置疑 置疑 的   今天 仔细 细看 了 看 别人 分析   感觉 说 得 也 有 道理   同居 其实 会 降低 婚后 新鲜 新鲜感 和 幸福 幸福感   因为 同居 本来 就 和 结婚 差不多 不多   到 时 结婚 也 就是 领 个 证 办 婚礼 走过 走过场 过场 而已   其他 都 已经 经历 过 了   感觉 就 有点 小 枯燥 了   而且 同居 分手 的话   其实 对 女孩 女孩子 孩子 的 名声 损害 也 不      全文
181,#普法宣传进行时# 【关于同居关系的相关问题解答！】同居关系是男女双方未办理婚姻登记而自愿、持续、稳定、公开地有性生活内容的共同生活在一起的社会关系。①同居关系等于事实婚姻吗？ ②同居期间发生暴力算家暴吗？ ③解除同居关系时财产如何分割？详见↓ ↓ ↓#同居后最容易闹矛盾的点# （@法制网 ...全文,# 普法 宣传 进行 行时 #   关于 同居 关系 的 相关 问题 问题解答 题解 解答    同居 关系 是 男女 男女双方 双方 未办 未办理 办理 婚姻 婚姻登记 登记 而 自愿   持续   稳定   公开 开地 有性 性生活 生活 内容 的 共同 同生 生活 在 一起 的 社会 社会关系 关系    同居 关系 等于 事实 事实婚 婚姻 吗     同居 期间 发生 暴力 算 家暴 吗     解除 同居 关系 时 财产 如何 分割   详见      # 同居 后 最 容易 闹矛盾 矛盾 的 点 #    法制 法制网      全文
182,#同居后最容易闹矛盾的点# 不接受同居过的男人,# 同居 后 最 容易 闹矛盾 矛盾 的 点 #  不 接受 同居 过 的 男人
183,"【“只要感情好，结婚证不重要”？这里给你答案！】
“我们在老家办了酒席，一直没有领证，算不算事实婚姻呢？”“我和男朋友同居八年，一直还没领证，我们的财产应该如何划分呢？”你还在认为夫妻之实=事实婚姻？其实，认定事实婚姻是存在时间条件和实质要件的！快戳视频学习起来↓ ...全文","   只要 感情 好   结婚 结婚证 不重 重要    这里 给 你 答案   
  我们 在 老家 办 了 酒席   一直 没有 领证   算不算 不算 事实 事实婚 婚姻 呢     我 和 男朋友 朋友 同居 八年   一直 还 没 领证   我们 的 财产 应该 如何 划分 呢    你 还 在 认为 夫妻 之 实   事实 事实婚 婚姻   其实   认定 事实 事实婚 婚姻 是 存在 时间 条件 和 实质 质要 要件 的   快 戳 视频 学习 起来       全文"
184,#同居后最容易闹矛盾的点#是一个发现优点 共同成长进步的机会,# 同居 后 最 容易 闹矛盾 矛盾 的 点 # 是 一个 发现 优点   共同 成长 长进 进步 的 机会
185,#同居后最容易闹矛盾的点#家务！,# 同居 后 最 容易 闹矛盾 矛盾 的 点 # 家务  
186,"#同居后最容易闹矛盾的点#
无论什么矛盾点，只要真心在乎对方，愿意为对方放宽底线，一切都好解决滴～","# 同居 后 最 容易 闹矛盾 矛盾 的 点 #
 无论 什么 矛盾 点   只要 真心 在乎 对方   愿意 意为 对方 放宽 底线   一切 都 好 解决 滴  "
187,"#同居后最容易闹矛盾的点#
1.作息习惯，如果一个人喜欢早起，一个人喜欢熬夜，相当于两个人每天有2-3个小时时差，很容易因为影响到对方休息而产生矛盾。
2.饮食习惯，女生通常比较喜欢吃清淡点，大部分男生吃饭得有个肉菜，吃不吃香菜，吃不吃辣，也容易有矛盾。
3.财务规划，两个人要不要彼此财务透明 ...全文","# 同居 后 最 容易 闹矛盾 矛盾 的 点 #
1  作息 习惯   如果 一个 个人 喜欢 早起   一个 个人 喜欢 熬夜   相当 相当于 当于 两个 个人 每天 有 2 3 个 小时 时时 时差   很 容易 因为 影响 到 对方 休息 而 产生 产生矛盾 矛盾  
2  饮食 饮食习惯 习惯   女生 通常 比较 喜欢 吃 清淡 点   大部 大部分 部分 男生 吃饭 得有 个 肉 菜   吃 不吃 吃香 香菜   吃 不吃 辣   也 容易 有 矛盾  
3  财务 规划   两个 个人 要 不要 彼此 财务 透明      全文"
188,#同居后最容易闹矛盾的点#恋爱就要有恋爱的样子，给彼此空间，不要把恋爱的日子过得很像婚后生活。 大庆,# 同居 后 最 容易 闹矛盾 矛盾 的 点 # 恋爱 就要 有 恋爱 的 样子   给 彼此 空间   不要 把 恋爱 的 日子 过 得 很 像 婚后 后生 生活    大庆
189,"#同居后最容易闹矛盾的点#
我也是婚前先同居的
觉得蛮好的而且有这个必要
同居一段时间才能了解更多彼此是否合适
当然也会因为一些琐事争吵
不过也没有特定的点
主要看对方是什么样的人
想想幸福的事
可以一起吃饭一起散步一起追剧一起回家
我们还经常凌晨跑出门看首映","# 同居 后 最 容易 闹矛盾 矛盾 的 点 #
 我 也 是 婚前 先同 同居 的 
 觉得 蛮 好 的 而且 有 这个 必要 
 同居 一段 一段时间 段时间 时间 才能 了解 更多 彼此 是否 合适 
 当然 也 会 因为 一些 琐事 争吵 
 不过 也 没有 特定 的 点 
 主要 看 对方 是 什么 什么样 的 人 
 想想 幸福 的 事 
 可以 一起 吃饭 一起 散步 一起 追 剧 一起 回家 
 我们 还 经常 凌晨 跑 出门 看 首映"
190,#同居后最容易闹矛盾的点#出去玩之前交代他把自己的床单拆了洗了，回来才知道他只洗了床单被套枕套都没洗就这还一天到晚埋汰我说我扣，说我玩吃鸡的时候说给一瓶药就真的只给一瓶，我觉得我应该批一箱子药好好治治他的脑子,# 同居 后 最 容易 闹矛盾 矛盾 的 点 # 出去 出去玩 之前 交代 他 把 自己 的 床单 拆 了 洗 了   回来 才 知道 他 只 洗 了 床单 单被 被套 枕套 都 没洗 就 这 还 一天 一天到晚 埋汰 我 说 我 扣   说 我 玩 吃 鸡 的 时候 说 给 一瓶 药 就 真的 只 给 一瓶   我 觉得 我 应该 批 一箱 箱子 药 好好 治治 他 的 脑子
191,"#同居后最容易闹矛盾的点#
那我能从现在给你说到天黑","# 同居 后 最 容易 闹矛盾 矛盾 的 点 #
 那 我 能 从 现在 给 你 说 到 天黑"
192,【关于同居关系的相关问题解答！】同居关系是男女双方未办理婚姻登记而自愿、持续、稳定、公开地有性生活内容的共同生活在一起的社会关系。①同居关系等于事实婚姻吗？ ②同居期间发生暴力算家暴吗？ ③解除同居关系时财产如何分割？详见↓ #同居后最容易闹矛盾的点# （@法制网 ）,  关于 同居 关系 的 相关 问题 问题解答 题解 解答    同居 关系 是 男女 男女双方 双方 未办 未办理 办理 婚姻 婚姻登记 登记 而 自愿   持续   稳定   公开 开地 有性 性生活 生活 内容 的 共同 同生 生活 在 一起 的 社会 社会关系 关系    同居 关系 等于 事实 事实婚 婚姻 吗     同居 期间 发生 暴力 算 家暴 吗     解除 同居 关系 时 财产 如何 分割   详见   # 同居 后 最 容易 闹矛盾 矛盾 的 点 #    法制 法制网   
193,你觉得#同居后最容易闹矛盾的点#是哪种？ 观音保佑的微博投票,你 觉得 # 同居 后 最 容易 闹矛盾 矛盾 的 点 # 是 哪种    观音 保佑 的 微 博 投票
194,#同居后最容易闹矛盾的点#某一方太懒了！,# 同居 后 最 容易 闹矛盾 矛盾 的 点 # 某 一方 太懒 了  
195,#同居后最容易闹矛盾的点# 从朦胧的爱情到结婚在一起，同居后的生活一定会有各种事情，关键是无论任何矛盾发生前都要想想怎么当初在一起多么的不容易！我们从来不担心对方会不会喜欢上别人，从来不怀疑自己会不会为谁心动，我们看着同一个方向的那片星空，憧憬着星际碎片。永远不忘初心，才能放得始终 ...全文,# 同居 后 最 容易 闹矛盾 矛盾 的 点 #  从 朦胧 的 爱情 到 结婚 在 一起   同居 后 的 生活 一定 定会 有 各种 事情   关键 是 无论 任何 矛盾 发生 生前 都 要 想想 怎么 当初 在 一起 多么 的 不容 容易   我们 从来 从来不 担心 对方 会 不会 喜欢 上 别人   从来 从来不 怀疑 自己 会 不会 为 谁 心动   我们 看着 同一 同一个 一个 方向 的 那 片 星空   憧憬 着 星际 碎片   永远 不 忘 初心   才能 放得 始终      全文
196,"#同居后最容易闹矛盾的点#
但是没有什么是剪刀石头布解决不了的","# 同居 后 最 容易 闹矛盾 矛盾 的 点 #
 但是 没有 什么 是 剪刀 石头 布 解决 解决不了 决不 不了 的"
197,"想象中的同居生活 VS 真实的同居生活

#同居后最容易闹矛盾的点#","想象 中 的 同居 生活  VS  真实 的 同居 生活 

# 同居 后 最 容易 闹矛盾 矛盾 的 点 #"
198,一个老板再难，也不会轻言放弃，而一个员工做得不顺就想逃走，一对夫妻再吵再大矛盾，也不会轻易离婚，而一对情侣常为一些很小的事就分开了。说到底，你在一件事，一段关系上的投入多少，决定你能承受多大的压力，能坚守多长时间，伟大都是熬出来的，因为普通人承受不了的委屈你得承受。 ...全文,一个 老板 再 难   也 不会 轻言 放弃   而 一个 员工 做 得 不顺 就 想 逃走   一对 夫妻 再 吵 再 大 矛盾   也 不会 轻易 离婚   而 一对 情侣 常 为 一些 很小 的 事 就 分开 了   说到底 到底   你 在 一件 事   一段 关系 系上 的 投入 多少   决定 你 能 承受 多 大 的 压力   能 坚守 多长 多长时间 长时间 时间   伟大 大都 是 熬出 熬出来 出来 的   因为 普通 普通人 通人 承受 受不了 不了 的 委屈 你 得 承受       全文
199,"分手吧

#同居后最容易闹矛盾的点#","分手 吧 

# 同居 后 最 容易 闹矛盾 矛盾 的 点 #"
200,"#同居后最容易闹矛盾的点#
放下了伪装
那些不修边幅以及懒散邋遢
堕落无趣都会蔓延开来
细节才是产生矛盾的点","# 同居 后 最 容易 闹矛盾 矛盾 的 点 #
 放下 了 伪装 
 那些 不修边幅 边幅 以及 懒散 邋遢 
 堕落 无趣 都 会 蔓延 开来 
 细节 才 是 产生 产生矛盾 矛盾 的 点"
201,#同居后最容易闹矛盾的点#谁刷碗，谁做饭，谁洗衣服，谁擦地,# 同居 后 最 容易 闹矛盾 矛盾 的 点 # 谁 刷 碗   谁 做饭   谁 洗衣 洗衣服 衣服   谁 擦 地
202,"#同居后最容易闹矛盾的点#
洗澡水温度，空调温度，被子薄厚
男生女生到温度的感受真的不一样","# 同居 后 最 容易 闹矛盾 矛盾 的 点 #
 洗澡 洗澡水 水温 温度   空调 调温 温度   被子 薄厚 
 男生 男生女生 生女生 女生 到 温度 的 感受 真的 不一 一样"
203,"#同居后最容易闹矛盾的点#
曾经花一两小时打扮自己，精致的约会，也许住一起只会看到邋遢的彼此","# 同居 后 最 容易 闹矛盾 矛盾 的 点 #
 曾经 花 一两 小时 打扮 自己   精致 的 约会   也许 住 一起 只 会 看到 邋遢 的 彼此"
204,#同居后最容易闹矛盾的点#说一下姐妹吧 没住一起的时候恨不得每天粘着一起 住在一起了哪哪都是问题 反正朋友之间还是有段距离比较好吧 个人觉得,# 同居 后 最 容易 闹矛盾 矛盾 的 点 # 说 一下 姐妹 吧   没 住 一起 的 时候 恨不得 不得 每天 粘着 一起   住在一起 一起 了 哪 哪 都 是 问题   反正 朋友 之间 还是 有 段距离 距离 比较 好 吧   个人 觉得
205,"一段恋爱能不能走到结婚是天时地利人和
天时——婚点相遇，男人的婚点在事业小成时
地利——有一起生活的强烈愿望，同城不同居
人和——建立起深深的互信和情感羁绊

三件事每错一步都会让结婚更远一步

#同居后最容易闹矛盾的点#","一段 恋爱 能 不能 走到 结婚 是 天时 天时地利 天时地利人和 地利 地利人和 利人 和 
 天时    婚 点 相遇   男人 的 婚 点 在 事业 小成 时 
 地利    有 一起 生活 的 强烈 愿望   同城 不同 同居 
 人 和    建立 立起 深深 的 互信 和 情感 羁绊 

 三件 事 每 错 一步 都 会 让 结婚 更远 一步 

# 同居 后 最 容易 闹矛盾 矛盾 的 点 #"
206,#同居后最容易闹矛盾的点#同居后反而没有闹过矛盾 石家庄,# 同居 后 最 容易 闹矛盾 矛盾 的 点 # 同居 后 反而 没有 闹 过 矛盾   石家 石家庄 家庄
207,"#同居后最容易闹矛盾的点#
会觉得你奇怪的人，本来就跟你不合适啊。
《家族的形式》","# 同居 后 最 容易 闹矛盾 矛盾 的 点 #
 会 觉得 你 奇怪 的 人   本来 就 跟 你 不合 合适 啊  
  家族 的 形式  "
208,"一段恋爱能不能走到结婚是天时地利人和
天时——婚点相遇，男人的婚点在事业小成时
地利——有一起生活的强烈愿望，同城不同居
人和——建立起深深的互信和情感羁绊

三件事每错一步都会让结婚更远一步

#同居后最容易闹矛盾的点#","一段 恋爱 能 不能 走到 结婚 是 天时 天时地利 天时地利人和 地利 地利人和 利人 和 
 天时    婚 点 相遇   男人 的 婚 点 在 事业 小成 时 
 地利    有 一起 生活 的 强烈 愿望   同城 不同 同居 
 人 和    建立 立起 深深 的 互信 和 情感 羁绊 

 三件 事 每 错 一步 都 会 让 结婚 更远 一步 

# 同居 后 最 容易 闹矛盾 矛盾 的 点 #"
209,#同居后最容易闹矛盾的点#请问我什么时候有女朋友？,# 同居 后 最 容易 闹矛盾 矛盾 的 点 # 请问 我 什么 时候 有 女朋友 朋友  
210,#同居后最容易闹矛盾的点#女生想要，男生没心情。男生想要，女生没想法！,# 同居 后 最 容易 闹矛盾 矛盾 的 点 # 女生 想要   男生 没心 心情   男生 想要   女生 没想 想法  
211,#同居后最容易闹矛盾的点#不以结婚为目的的同居都是耍流氓！女人一定要自尊自爱，不然受伤的终究是你,# 同居 后 最 容易 闹矛盾 矛盾 的 点 # 不以 结婚 为 目的 的 同居 都 是 耍流氓 流氓   女人 一定 定要 自尊 自爱   不然 受伤 的 终究 是 你
212,#同居后最容易闹矛盾的点#请男士发言 北京·首都师范大学校本部,# 同居 后 最 容易 闹矛盾 矛盾 的 点 # 请 男士 发言   北京   首都 首都师范大学 师范 师范大学 大学 学校 校本 校本部 本部
213,"#同居后最容易闹矛盾的点#
只要人对了，住在一起是很温馨的事情啊。哪里都容易有小矛盾，但是也多了很多在异乡的温暖。
很多所谓的同居问题，其实不同居也会有，普通谈恋爱也会遇到呀。 上海","# 同居 后 最 容易 闹矛盾 矛盾 的 点 #
 只要 人 对了   住在一起 一起 是 很 温馨 的 事情 啊   哪里 都 容易 有 小 矛盾   但是 也 多 了 很多 在 异乡 的 温暖  
 很多 多所 所谓 的 同居 问题   其实 不同 同居 也 会 有   普通 谈恋爱 恋爱 也 会 遇到 呀    上海"
214,#一起学法律# 【关于同居关系的相关问题解答！】同居关系是男女双方未办理婚姻登记而自愿、持续、稳定、公开地有性生活内容的共同生活在一起的社会关系。①同居关系等于事实婚姻吗？ ②同居期间发生暴力算家暴吗？ ③解除同居关系时财产如何分割？详见↓ ↓ ↓#同居后最容易闹矛盾的点# （@法制网 ） ...全文,# 一起 学法 法律 #   关于 同居 关系 的 相关 问题 问题解答 题解 解答    同居 关系 是 男女 男女双方 双方 未办 未办理 办理 婚姻 婚姻登记 登记 而 自愿   持续   稳定   公开 开地 有性 性生活 生活 内容 的 共同 同生 生活 在 一起 的 社会 社会关系 关系    同居 关系 等于 事实 事实婚 婚姻 吗     同居 期间 发生 暴力 算 家暴 吗     解除 同居 关系 时 财产 如何 分割   详见      # 同居 后 最 容易 闹矛盾 矛盾 的 点 #    法制 法制网        全文
215,假设了一下 估计就是抢着干家务 抢着给对方买东西吧@斯皮克斯是我鸭 #同居后最容易闹矛盾的点#,假设 了 一下   估计 就是 抢 着 干 家务   抢 着 给 对方 买 东西 吧   斯皮克 皮克斯 克斯 是 我 鸭  # 同居 后 最 容易 闹矛盾 矛盾 的 点 #
216,#同居后最容易闹矛盾的点# 没有什么矛盾是玩一局游戏解决不了的，#汪苏泷#和#尤长靖#室友二人不做家务玩游戏，尤长靖：我可以宅一天 Switch游戏控的微博视频,# 同居 后 最 容易 闹矛盾 矛盾 的 点 #  没有 什么 矛盾 是 玩 一局 游戏 解决 解决不了 决不 不了 的  # 汪 苏 泷 # 和 # 尤 长 靖 # 室友 二人 不 做 家务 玩游 玩游戏 游戏   尤 长 靖   我 可以 宅 一天  Switch 游戏 控 的 微 博 视频
217,"#刘星家到底多有钱#
【刘星怼人合集】
刘星简直是我小时候的快乐源泉啊哈哈哈哈
张一山演的刘星也太有味了
@张一山

#同居后最容易闹矛盾的点##最有少年感的爱豆# 时尚教父小跟班的微博视频","# 刘 星 家 到底 多 有钱 #
  刘 星 怼 人 合集  
 刘 星 简直 是 我 小时 小时候 时候 的 快乐 源泉 啊哈 哈哈 哈哈哈 哈哈哈哈 哈哈 哈哈哈 哈哈 
 张 一 山 演 的 刘 星 也 太 有味 了 
  张 一 山 

# 同居 后 最 容易 闹矛盾 矛盾 的 点 ## 最 有 少年 感 的 爱 豆 #  时尚 教父 小 跟班 的 微 博 视频"
218,#同居后最容易闹矛盾的点#我支持婚前同居，有必要的话同居前做个体检。保护好自己，安全第一位！特别是女生。同居后你才知道这个人未来是不是适合一起生活的，你才会发现各种问题,# 同居 后 最 容易 闹矛盾 矛盾 的 点 # 我 支持 婚前 同居   有 必要 的话 同居 前 做 个体 体检   保护 护好 自己   安全 第一 第一位 一位   特别 是 女生   同居 后 你 才 知道 这个 个人 未来 是不是 不是 适合 合一 一起 生活 的   你 才 会 发现 各种 问题
219,#同居后最容易闹矛盾的点#一个要早些睡 一个要特晚睡 一个强迫症 一个邋里邋遢 一个爱安静 一个爱热闹 慢慢的 不欢而散,# 同居 后 最 容易 闹矛盾 矛盾 的 点 # 一个 要 早些 睡   一个 要 特 晚睡   一个 强迫 强迫症   一个 邋里邋遢 邋遢   一个 爱安 安静   一个 爱 热闹   慢慢 的   不欢而散
220,"#同居后最容易闹矛盾的点#
上帝为了让人类能够活下来，所以给了人类爱。为了防止人类太强大，所以给了更多的爱。
/短痛","# 同居 后 最 容易 闹矛盾 矛盾 的 点 #
 上帝 为了 让 人类 能够 活 下来   所以 给 了 人类 爱   为了 防止 人类 太强大 强大   所以 给 了 更多 的 爱  
  短 痛"
221,"#同居后最容易闹矛盾的点#同居大多都是因为一些琐事儿闹矛盾,互相谦让体谅一下就没什么问题，说开就好了，闹矛盾也没什么不好的，也是磨合的过程，互相熟悉彼此的过程。",# 同居 后 最 容易 闹矛盾 矛盾 的 点 # 同居 大多 都 是因为 因为 一些 琐事 事儿 闹矛盾 矛盾   互相 谦让 体谅 一下 就 没什么 什么 问题   说 开 就 好 了   闹矛盾 矛盾 也 没什么 什么 不好 的   也 是 磨合 的 过程   互相 相熟 熟悉 彼此 的 过程  
222,#同居后最容易闹矛盾的点#天底下幸福的人那么多，为什么不能算我一个？ 辉县市,# 同居 后 最 容易 闹矛盾 矛盾 的 点 # 天底 天底下 底下 幸福 的 人 那么 多   为什么 什么 不能 算 我 一个    辉县 辉县市 县市
223,#同居后最容易闹矛盾的点#打游戏卫生做饭 保定·保定学院,# 同居 后 最 容易 闹矛盾 矛盾 的 点 # 打游戏 游戏 卫生 做饭   保定   保定 学院
224,"#同居后最容易闹矛盾的点#

电影《十二夜》里张柏芝和陈奕迅经典吵架片段，从互相喜欢到互相伤害，人们总是忽然就相爱了，又忽然就不爱了……

沈燕迟的微博视频","# 同居 后 最 容易 闹矛盾 矛盾 的 点 #

 电影   十二 二夜   里 张柏芝 和 陈 奕 迅 经典 吵架 片段   从 互相 喜欢 到 互相 伤害   人们 总是 忽然 就 相爱 了   又 忽然 就 不 爱 了   

 沈 燕 迟 的 微 博 视频"
225,#同居后最容易闹矛盾的点#没那么喜欢就别找对象 真的 太累了,# 同居 后 最 容易 闹矛盾 矛盾 的 点 # 没 那么 喜欢 就 别 找对象 对象   真的   太 累 了
226,"#同居后最容易闹矛盾的点#生活方式 吃饭 家务 太多了
自己睡总是很香的 同居了床总是很臭","# 同居 后 最 容易 闹矛盾 矛盾 的 点 # 生活 方式   吃饭   家务   太多 了 
 自己 睡 总是 很 香 的   同居 了 床 总是 很 臭"
227,#同居后最容易闹矛盾的点# 难道我老了吗，那么多人支持同居，同居都是不负责任的表现，后面的老公真可怜，可怜的接盘侠,# 同居 后 最 容易 闹矛盾 矛盾 的 点 #  难道 我 老 了 吗   那么 多 人 支持 同居   同居 都 是 不负 不负责任 负责 责任 的 表现   后面 的 老公 公真 真可怜 可怜   可怜 的 接盘 侠
228,"#同居后最容易闹矛盾的点#
昨晚男友说:你知道你睡觉 打呼噜吗
我说:啊 我不知道
他说:哇艹 跟个拖拉机一样 想把你嘴巴缝起来
我愣了愣 哈哈哈哈哈哈狂笑

在家里的时候没有一点吵架 反而异地恋的时候容易吵架 在家里 一点矛盾都没有
只要有一点矛盾苗头 我们都会及时掐掉
床单被罩都是他套 卫生收拾 ...全文","# 同居 后 最 容易 闹矛盾 矛盾 的 点 #
 昨晚 男友 说   你 知道 你 睡觉   打呼 打呼噜 呼噜 吗 
 我 说   啊   我 不知 知道 
 他 说   哇 艹   跟 个 拖拉 拖拉机 一样   想 把 你 嘴巴 缝起 缝起来 起来 
 我 愣 了 愣   哈哈 哈哈哈 哈哈哈哈 哈哈 哈哈哈 哈哈哈哈 哈哈 哈哈哈 哈哈哈哈 哈哈 哈哈哈 哈哈 狂笑 

 在家 家里 的 时候 没有 一点 吵架   反而 异地 恋 的 时候 容易 吵架   在家 家里   一点 矛盾 都 没有 
 只要 有 一点 矛盾 苗头   我们 都 会 及时 掐掉 
 床单 单被 被罩 都 是 他 套   卫生 收拾      全文"
229,"#青县司法# 【“只要感情好，结婚证不重要”？这里给你答案！】
“我们在老家办了酒席，一直没有领证，算不算事实婚姻呢？”“我和男朋友同居八年，一直还没领证，我们的财产应该如何划分呢？”你还在认为夫妻之实=事实婚姻？其实，认定事实婚姻是存在时间条件和实质要件的！快戳视频 ...全文","# 青县 司法 #    只要 感情 好   结婚 结婚证 不重 重要    这里 给 你 答案   
  我们 在 老家 办 了 酒席   一直 没有 领证   算不算 不算 事实 事实婚 婚姻 呢     我 和 男朋友 朋友 同居 八年   一直 还 没 领证   我们 的 财产 应该 如何 划分 呢    你 还 在 认为 夫妻 之 实   事实 事实婚 婚姻   其实   认定 事实 事实婚 婚姻 是 存在 时间 条件 和 实质 质要 要件 的   快 戳 视频      全文"
230,"我觉得你关门大声一点就是讨厌我了

#同居后最容易闹矛盾的点##情感#","我 觉得 你 关门 大声 一点 就是 讨厌 我 了 

# 同居 后 最 容易 闹矛盾 矛盾 的 点 ## 情感 #"
231,#同居后最容易闹矛盾的点#看完更不想结婚的就我一个人吗一个人自由自在不好吗，真是个怕麻烦的人,# 同居 后 最 容易 闹矛盾 矛盾 的 点 # 看完 更 不想 结婚 的 就 我 一个 个人 吗 一个 个人 自由 自由自在 自在 不好 吗   真是 个 怕麻烦 麻烦 的 人
232,"#同居后最容易闹矛盾的点# 同居？我是男人好想同居呀，但是我警告女人，最好不要与男人同居。
如果怀孕了，男人提上裤子就走人了，你找谁去？我说的是不负责的男人，比如奥巴马的亲爸。
当然你会说，我这个男人很负责，是好人。我想说奥巴马的亲妈也是这样认为的，不过还好，她帮奥巴马找到了一 ...全文","# 同居 后 最 容易 闹矛盾 矛盾 的 点 #  同居   我 是 男人 好 想 同居 呀   但是 我 警告 女人   最好 不要 与 男人 同居  
 如果 怀孕 了   男人 提上 裤子 就 走人 了   你 找 谁 去   我 说 的 是 不负 负责 的 男人   比如 奥巴 奥巴马 巴马 的 亲 爸  
 当然 你 会 说   我 这个 男人 很 负责   是 好人   我 想 说 奥巴 奥巴马 巴马 的 亲妈 也 是 这样 认为 的   不过 还好   她 帮 奥巴 奥巴马 巴马 找到 了 一      全文"
233,婚前情侣同居有哪些意想不到的矛盾？ 1.看到对方各种丑态 2.没有隐私权 3.各做各的事 4.常吵架 5.了解沟通有多重要 7.家里所有事都要一起完成 #同居后最容易闹矛盾的点#情感依梦超话,婚前 前情 情侣 同居 有 哪些 意想 意想不到 想不到 不到 的 矛盾   1  看到 对方 各种 丑态  2  没有 隐私 隐私权  3  各 做 各 的 事  4  常 吵架  5  了解 沟通 通有 多重 重要  7  家里 所有 有事 都 要 一起 完成  # 同居 后 最 容易 闹矛盾 矛盾 的 点 # 情感 依 梦 超 话
234,"#同居后最容易闹矛盾的点#
目前还没有发现，因为我还单身","# 同居 后 最 容易 闹矛盾 矛盾 的 点 #
 目前 还 没有 发现   因为 我 还 单身"
235,"司司带你学法超话 【“只要感情好，结婚证不重要”？这里给你答案！】
“我们在老家办了酒席，一直没有领证，算不算事实婚姻呢？”“我和男朋友同居八年，一直还没领证，我们的财产应该如何划分呢？”你还在认为夫妻之实=事实婚姻？其实，认定事实婚姻是存在时间条件和实质要件的 ...全文","司 司 带 你 学法 超 话     只要 感情 好   结婚 结婚证 不重 重要    这里 给 你 答案   
  我们 在 老家 办 了 酒席   一直 没有 领证   算不算 不算 事实 事实婚 婚姻 呢     我 和 男朋友 朋友 同居 八年   一直 还 没 领证   我们 的 财产 应该 如何 划分 呢    你 还 在 认为 夫妻 之 实   事实 事实婚 婚姻   其实   认定 事实 事实婚 婚姻 是 存在 时间 条件 和 实质 质要 要件 的      全文"
236,"#同居后最容易闹矛盾的点#
常觉得受到伤害，是因为总期待被善待。
/傅首尔","# 同居 后 最 容易 闹矛盾 矛盾 的 点 #
 常 觉得 受到 伤害   是因为 因为 总 期待 被 善待  
  傅 首尔"
237,#同居后最容易闹矛盾的点#没同居过，不知道不过我觉得还是一个人好，清净，没争 没闹呢,# 同居 后 最 容易 闹矛盾 矛盾 的 点 # 没 同居 过   不知 知道 不过 我 觉得 还是 一个 个人 好   清净   没 争   没 闹 呢
238,#同居后最容易闹矛盾的点#没啥点，就可能他就静静坐在那，你都莫名觉得烦而已，甚至有时候还想踹一脚过去，美妙～,# 同居 后 最 容易 闹矛盾 矛盾 的 点 # 没 啥 点   就 可能 他 就 静静 静坐 坐在 那   你 都 莫名 觉得 烦 而已   甚至 有时 有时候 时候 还 想 踹 一脚 过去   美妙  
239,#同居后最容易闹矛盾的点#饮食卫生,# 同居 后 最 容易 闹矛盾 矛盾 的 点 # 饮食 饮食卫生 卫生
240,#同居后最容易闹矛盾的点#在一起16年，前8年都在磨合，现在唯有珍惜！！！互相吐槽两个孩子～互相抱团，哈哈,# 同居 后 最 容易 闹矛盾 矛盾 的 点 # 在 一起 16 年   前 8 年 都 在 磨合   现在 唯有 珍惜     互相 吐 槽 两个 孩子   互相 抱团   哈哈
241,#同居后最容易闹矛盾的点#吃穿住行用玩都会有闹矛盾的时候，学会相互尊重相互包容相互理解就OK了……,# 同居 后 最 容易 闹矛盾 矛盾 的 点 # 吃穿住行 穿住 行 用 玩 都 会 有 闹矛盾 矛盾 的 时候   学会 相互 相互尊重 尊重 相互 包容 相互 相互理解 理解 就 OK 了   
242,#同居后最容易闹矛盾的点#反对婚前同居,# 同居 后 最 容易 闹矛盾 矛盾 的 点 # 反对 婚前 同居
243,#同居后最容易闹矛盾的点#没有完全一拍即合的伴侣，多多少少都会有一些双方不合拍的地方，但最重要的是，双方是否愿意为彼此改变或者退一步。,# 同居 后 最 容易 闹矛盾 矛盾 的 点 # 没有 完全 一拍即合 的 伴侣   多多 多多少少 多少 少少 都 会 有 一些 双方 不合 合拍 的 地方   但 最重 重要 的 是   双方 是否 愿意 意为 彼此 改变 或者 退一步 一步  
244,#同居后最容易闹矛盾的点# 有时候不能怪沉默，不是不说，而是说了也不过是对牛弹琴，浪费时间感情。,# 同居 后 最 容易 闹矛盾 矛盾 的 点 #  有时 有时候 时候 不能 怪 沉默   不是 不 说   而是 说 了 也 不过 是 对牛弹琴 弹琴   浪费 浪费时间 费时 费时间 时间 感情  
245,#同居后最容易闹矛盾的点#没有同居，但是婚后生活倒是因为生活习惯有很多矛盾，我老头真的跟我一样懒，唯一比我强的就是能做到物归原处，而我都是让他把我的归原处,# 同居 后 最 容易 闹矛盾 矛盾 的 点 # 没有 同居   但是 婚后 后生 生活 倒 是因为 因为 为生 生活 生活习惯 习惯 有 很多 矛盾   我 老头 真的 跟 我 一样 懒   唯一 一比 比我强 的 就是 能 做到 物 归 原处   而 我 都 是 让 他 把 我 的 归 原处
246,"【“只要感情好，结婚证不重要”？这里给你答案！】
“我们在老家办了酒席，一直没有领证，算不算事实婚姻呢？”“我和男朋友同居八年，一直还没领证，我们的财产应该如何划分呢？”你还在认为夫妻之实=事实婚姻？其实，认定事实婚姻是存在时间条件和实质要件的！快戳视频学习起来↓ ...全文","   只要 感情 好   结婚 结婚证 不重 重要    这里 给 你 答案   
  我们 在 老家 办 了 酒席   一直 没有 领证   算不算 不算 事实 事实婚 婚姻 呢     我 和 男朋友 朋友 同居 八年   一直 还 没 领证   我们 的 财产 应该 如何 划分 呢    你 还 在 认为 夫妻 之 实   事实 事实婚 婚姻   其实   认定 事实 事实婚 婚姻 是 存在 时间 条件 和 实质 质要 要件 的   快 戳 视频 学习 起来       全文"
247,"【“只要感情好，结婚证不重要”？这里给你答案！】
“我们在老家办了酒席，一直没有领证，算不算事实婚姻呢？”“我和男朋友同居八年，一直还没领证，我们的财产应该如何划分呢？”你还在认为夫妻之实=事实婚姻？其实，认定事实婚姻是存在时间条件和实质要件的！快戳视频学习起来↓ ...全文","   只要 感情 好   结婚 结婚证 不重 重要    这里 给 你 答案   
  我们 在 老家 办 了 酒席   一直 没有 领证   算不算 不算 事实 事实婚 婚姻 呢     我 和 男朋友 朋友 同居 八年   一直 还 没 领证   我们 的 财产 应该 如何 划分 呢    你 还 在 认为 夫妻 之 实   事实 事实婚 婚姻   其实   认定 事实 事实婚 婚姻 是 存在 时间 条件 和 实质 质要 要件 的   快 戳 视频 学习 起来       全文"
248,"#同居后最容易闹矛盾的点#
想不出来
也不理解情侣之间为什么会吵架
有话好好说就是了
我脾气超好的","# 同居 后 最 容易 闹矛盾 矛盾 的 点 #
 想不出 不出 出来 
 也 不理 理解 情侣 之间 为什么 什么 会 吵架 
 有 话 好好 说 就是 了 
 我 脾气 超 好 的"
249,#同居后最容易闹矛盾的点#柴米油盐 锅碗瓢盆 洗衣拖地 个人生活习惯等，任何一个小细节都能成为矛盾点被无限放大🙃🙃🙃🙃,# 同居 后 最 容易 闹矛盾 矛盾 的 点 # 柴米 柴米油盐 油盐   锅碗瓢盆   洗衣 拖地   个人 人生 生活 生活习惯 习惯 等   任何 一个 小 细节 都 能成 成为 矛盾 点 被 无限 放大     
250,#同居后最容易闹矛盾的点#看不惯有些生活习惯@王鑫58027,# 同居 后 最 容易 闹矛盾 矛盾 的 点 # 看不惯 不惯 有些 生活 生活习惯 习惯   王 鑫 58027
251,#同居后最容易闹矛盾的点#在知乎上看到一篇妈妈写给女儿关于同居的看法：“同居关系，能够使你们更好的去体验双方精神上有没有共同的追求。相处之后，时间的磨砺，露出两个人的矛盾、无聊甚至丑陋的一面的时候，才能更好的审视精神上是否协调一致，是否有更多的相同的追求，而这在恋爱中，你很难去体验 ...全文,# 同居 后 最 容易 闹矛盾 矛盾 的 点 # 在 知 乎 上 看到 一篇 妈妈 写给 女儿 关于 同居 的 看法    同居 关系   能够 使 你们 更好 的 去 体验 双方 精神 上有 有没有 没有 共同 的 追求   相处 之后   时间 的 磨砺   露出 两个 个人 的 矛盾   无聊 甚至 丑陋 的 一面 的 时候   才能 更好 的 审视 精神 上 是否 协调 协调一致 一致   是否 有 更多 的 相同 的 追求   而 这 在 恋爱 中   你 很 难 去 体验      全文
252,蔡徐坤超话#同居后最容易闹矛盾的点# （☆_☆） ……坤坤……要不咱们两个来同个居试试?↖(^ω^)↗ 水泽小仙女的微博视频,蔡 徐 坤 超 话 # 同居 后 最 容易 闹矛盾 矛盾 的 点 #          坤 坤    要 不 咱们 两个 来 同 个 居 试试           水泽 小 仙女 的 微 博 视频
253,#同居后最容易闹矛盾的点# 真相了，你同居后有哪些好玩的事想吃狗粮,# 同居 后 最 容易 闹矛盾 矛盾 的 点 #  真相 了   你 同居 后 有 哪些 好玩 的 事 想 吃 狗 粮
254,#同居后最容易闹矛盾的点#没有独立能力，通俗点没钱又懒的，别同居！烦死了成天鸡毛蒜皮！,# 同居 后 最 容易 闹矛盾 矛盾 的 点 # 没有 独立 能力   通俗 点 没钱 又 懒 的   别 同居   烦死 了 成天 鸡毛 鸡毛蒜皮 蒜皮  
255,#同居后最容易闹矛盾的点##男朋友不在社交网络公布你#同居后最容易引发的双方矛盾在哪里？#职场人vlog# @微博VLOG @微博投票 顾文豪的微博投票,# 同居 后 最 容易 闹矛盾 矛盾 的 点 ## 男朋友 朋友 不在 社交 网络 公布 你 # 同居 后 最 容易 引发 的 双方 矛盾 在 哪里  # 职场 人 vlog#   微 博 VLOG   微 博 投票   顾 文豪 的 微 博 投票
256,3分钟了解家暴！①对同居的男女朋友同样有效；②经常性的谩骂、恐吓等精神暴力也认定为家暴；③遭遇家暴，可向法院申请人身安全保护令。无论性别，遭遇家暴时，请拿起法律的武器保护自己！#同居后最容易闹矛盾的点# 共青团中央的秒拍视频 网页链接 网页链接 ...全文,3 分钟 了解 家暴    对 同居 的 男女 男女朋友 女朋友 朋友 同样 有效    经常 经常性 常性 的 谩骂   恐吓 等 精神 暴力 也 认定 定为 家暴    遭遇 家暴   可向 法院 申请 申请人 人身 人身安全 安全 保护 令   无论 性别   遭遇 家暴 时   请 拿起 法律 的 武器 保护 自己  # 同居 后 最 容易 闹矛盾 矛盾 的 点 #  共青 共青团 共青团中央 团中央 中央 的 秒 拍 视频   网页 链接   网页 链接      全文
257,"为什么反复道歉都得不到对方的原谅呢？
有些人在分手之后就会失去理智，第一时间就想到了道歉和保证，但是事实上不管你如何道歉保证，对方都依然不搭理和抱有不相信甚至是否决你的态度，甚至对方是采取一些拉黑屏蔽，或者是逃避你的方式来拒绝听你的道歉。
失恋了怎么挽回前男友前任超话 ...全文","为什么 什么 反复 道歉 都 得不到 不到 对方 的 原谅 呢  
 有些 人 在 分手 之后 就 会 失去 理智   第一 一时 一时间 时间 就 想到 了 道歉 和 保证   但是 事实 事实上 不管 你 如何 道歉 保证   对方 都 依然 不 搭理 和 抱有 不 相信 甚至 是否 否决 你 的 态度   甚至 对方 是 采取 一些 拉 黑屏 屏蔽   或者 是 逃避 你 的 方式 来 拒绝 听 你 的 道歉  
 失恋 了 怎么 挽回 前男友 男友 前任 超 话      全文"
258,#同居后最容易闹矛盾的点#近身肉搏 波兰·华沙,# 同居 后 最 容易 闹矛盾 矛盾 的 点 # 近 身 肉搏   波兰   华沙
259,"#同居后最容易闹矛盾的点#

和陆思恒就没有矛盾了","# 同居 后 最 容易 闹矛盾 矛盾 的 点 #

 和 陆 思 恒 就 没有 矛盾 了"
260,在电视剧#咱们结婚吧#中未婚同居被未来丈母娘抓住，逼签结婚协议书，不管是不是真爱两人才在一起，毕竟同居后就会又不少的矛盾出现，而一旦丈母娘知道后，那矛盾可能会升级哟👇#同居后最容易闹矛盾的点##职场人VLOG#@微博电视剧 @微博VLOG 顾文豪的微博视频,在 电视 电视剧 # 咱们 结婚 吧 # 中 未婚 未婚同居 同居 被 未来 丈母 丈母娘 抓住   逼 签 结婚 协议 协议书   不管 是不是 不是 真爱 两 人才 在 一起   毕竟 同居 后 就 会 又 不少 的 矛盾 出现   而 一旦 丈母 丈母娘 知道 后   那 矛盾 可能 会升 升级 哟  # 同居 后 最 容易 闹矛盾 矛盾 的 点 ## 职场 人 VLOG#  微 博 电视 电视剧    微 博 VLOG  顾 文豪 的 微 博 视频
261,"#同居后最容易闹矛盾的点#
我觉得这些都不是问题
等等跟我同居的妹妹呢？ 重庆","# 同居 后 最 容易 闹矛盾 矛盾 的 点 #
 我 觉得 这些 都 不是 问题 
 等等 跟 我 同居 的 妹妹 呢    重庆"
262,"#同居后最容易闹矛盾的点#

我 想 要 义 无 反 顾 的 把 你 追 回 来
像 那 些 勇 敢 的 无 畏 的 人 那 样
我 想 和 你 重 新 开 始
像 我 们 从 来 不 曾 对 爱 情
失 望 那 样

分手了怎么挽回前任前男友超话","# 同居 后 最 容易 闹矛盾 矛盾 的 点 #

 我   想   要   义   无   反   顾   的   把   你   追   回   来 
 像   那   些   勇   敢   的   无   畏   的   人   那   样 
 我   想   和   你   重   新   开   始 
 像   我   们   从   来   不   曾   对   爱   情 
 失   望   那   样 

 分手 了 怎么 挽回 前任 前男友 男友 超 话"
263,3分钟了解家暴！①对同居的男女朋友同样有效；②经常性的谩骂、恐吓等精神暴力也认定为家暴；③遭遇家暴，可向法院申请人身安全保护令。无论性别，遭遇家暴时，请拿起法律的武器保护自己！#同居后最容易闹矛盾的点# 共青团中央的秒拍视频 网页链接 网页链接,3 分钟 了解 家暴    对 同居 的 男女 男女朋友 女朋友 朋友 同样 有效    经常 经常性 常性 的 谩骂   恐吓 等 精神 暴力 也 认定 定为 家暴    遭遇 家暴   可向 法院 申请 申请人 人身 人身安全 安全 保护 令   无论 性别   遭遇 家暴 时   请 拿起 法律 的 武器 保护 自己  # 同居 后 最 容易 闹矛盾 矛盾 的 点 #  共青 共青团 共青团中央 团中央 中央 的 秒 拍 视频   网页 链接   网页 链接
264,#同居后最容易闹矛盾的点# 三观,# 同居 后 最 容易 闹矛盾 矛盾 的 点 #  三观
265,"#同居后最容易闹矛盾的点#
三观不符，细化到每一件小事都是矛盾","# 同居 后 最 容易 闹矛盾 矛盾 的 点 #
 三观 不符   细化 到 每一件 一件 小事 都 是 矛盾"
266,#同居后最容易闹矛盾的点#结婚以后也有，只是找到一个爱你的人和你爱的人，这些都可以被包容。我个人是这样做的。 深圳·宏发高新产业园,# 同居 后 最 容易 闹矛盾 矛盾 的 点 # 结婚 以后 也 有   只是 找到 一个 爱 你 的 人 和 你 爱 的 人   这些 都 可以 被包 包容   我 个人 是 这样 做 的    深圳   宏 发 高新 高新产业 产业 产业园
267,#同居后最容易闹矛盾的点# 其他我都可以 打呼噜不能忍@吃饱了就晒星星vvy,# 同居 后 最 容易 闹矛盾 矛盾 的 点 #  其他 我 都 可以   打呼 打呼噜 呼噜 不能 忍   吃饱 了 就 晒 星星 vvy
268,#同居后最容易闹矛盾的点#别说跟男朋友同居了，跟朋友合租都会有一大堆问题,# 同居 后 最 容易 闹矛盾 矛盾 的 点 # 别说 跟 男朋友 朋友 同居 了   跟 朋友 合租 都 会 有 一大 一大堆 大堆 问题
269,#同居后最容易闹矛盾的点#当然是家务和做饭啦,# 同居 后 最 容易 闹矛盾 矛盾 的 点 # 当然 是 家务 和 做饭 啦
270,#同居后最容易闹矛盾的点#学习,# 同居 后 最 容易 闹矛盾 矛盾 的 点 # 学习
271,"#同居后最容易闹矛盾的点#
生活习惯不一样特别有矛盾","# 同居 后 最 容易 闹矛盾 矛盾 的 点 #
 生活 生活习惯 习惯 不一 一样 特别 有 矛盾"
272,【“只要感情好，结婚证不重要”？这里给你答案！】“我们在老家办了酒席，一直没有领证，算不算事实婚姻呢？”“我和男朋友同居八年，一直还没领证，我们的财产应该如何划分呢？”你还在认为夫妻之实=事实婚姻？其实，认定事实婚姻是存在时间条件和实质要件的！快戳视频学习起来↓↓↓ ...全文,   只要 感情 好   结婚 结婚证 不重 重要    这里 给 你 答案     我们 在 老家 办 了 酒席   一直 没有 领证   算不算 不算 事实 事实婚 婚姻 呢     我 和 男朋友 朋友 同居 八年   一直 还 没 领证   我们 的 财产 应该 如何 划分 呢    你 还 在 认为 夫妻 之 实   事实 事实婚 婚姻   其实   认定 事实 事实婚 婚姻 是 存在 时间 条件 和 实质 质要 要件 的   快 戳 视频 学习 起来         全文
273,【居家防火及火灾自救】国庆出门不忘三件事，熄火关气断电源…家庭着火赶快逃，湿被护身往外跑，楼道起火积浓烟，退守家中等救援！#同居后最容易闹矛盾的点# 看视频，学习更多知识⬇️ 江西消防的微博视频,  居家 防火 及 火灾 自救   国庆 出门 不 忘 三件 事   熄火 关 气 断电 电源   家庭 着火 赶快 快逃   湿 被 护身 往 外 跑   楼道 起火 积 浓烟   退守 家中 中等 救援  # 同居 后 最 容易 闹矛盾 矛盾 的 点 #  看视 视频   学习 更多 知识     江西 消防 的 微 博 视频
274,#同居后最容易闹矛盾的点# 发现了身边最爱我的那个男人,# 同居 后 最 容易 闹矛盾 矛盾 的 点 #  发现 了 身边 最爱 我 的 那个 男人
275,#同居后最容易闹矛盾的点#你喜欢电脑游戏。我喜欢手游，你玩电脑我就不开心，看见了给我call个1,# 同居 后 最 容易 闹矛盾 矛盾 的 点 # 你 喜欢 电脑 电脑游戏 游戏   我 喜欢 手 游   你 玩电脑 电脑 我 就 不开 开心   看见 了 给 我 call 个 1
276,上岗过.....然后下岗了很久......深有体会！每天做的第一件事扫地清理头发！！！#同居后最容易闹矛盾的点#,上岗 过       然后 后下 下岗 了 很久        深有体会 体会   每天 做 的 第一 第一件 一件 事 扫地 清理 理头 理头发 头发    # 同居 后 最 容易 闹矛盾 矛盾 的 点 #
277,#同居后最容易闹矛盾的点#如果只是住在一起，家务问题排第一名，如果是结婚以后，婆媳问题排第一名。尤其是男人还大男子主义的情况下。,# 同居 后 最 容易 闹矛盾 矛盾 的 点 # 如果 只是 住在一起 一起   家务 问题 排 第一 第一名 一名   如果 是 结婚 以后   婆媳 问题 排 第一 第一名 一名   尤其 是 男人 还 大男子主义 男子 主义 的 情况 下  
278,内衣成套穿比较贵好看，但是内裤一般都是低腰的，超级不舒服，所以不配套的好处是舒服健康#同居后最容易闹矛盾的点#,内衣 成套 穿 比较 贵 好看   但是 内裤 一般 都 是 低腰 的   超级 不 舒服   所以 不配 配套 的 好处 是 舒服 健康 # 同居 后 最 容易 闹矛盾 矛盾 的 点 #
279,#同居后最容易闹矛盾的点#还真不太有,# 同居 后 最 容易 闹矛盾 矛盾 的 点 # 还 真不 太 有
280,我一个单身狗看的津津有味#同居后最容易闹矛盾的点#,我 一个 单身 狗 看 的 津津 津津有味 有味 # 同居 后 最 容易 闹矛盾 矛盾 的 点 #
281,#同居后最容易闹矛盾的点#花钱,# 同居 后 最 容易 闹矛盾 矛盾 的 点 # 花钱
282,#同居后最容易闹矛盾的点#没试过，我相亲也十多个女生了，女朋友也谈过两个了，都没发生关系，其中有一个明确提出来不结婚不能住一起，我真不知道她们是根本不爱我，还是我要求太过分，还是别的啥原因。。。,# 同居 后 最 容易 闹矛盾 矛盾 的 点 # 没试 试过   我 相亲 也 十多 十多个 多个 女生 了   女朋友 朋友 也 谈 过 两个 了   都 没 发生 关系   其中 有 一个 明确 明确提出 提出 出来 不 结婚 不能 住 一起   我 真不 真不知道 不知 知道 她们 是 根本 不 爱 我   还是 我 要求 太过分 过分   还是 别的 啥 原因    
283,"【“同居”好不好？】
首先，我个人觉得“同居”这事本身很好。生活习惯，平淡日常，在同居中都能体现出来，彼此更深入了解，也能节省生活开支。更能避免被“同妻”等……真出现重大问题，及时止损肯定好过离婚。

但是，“同居”也有巨大弊端：再好的感情生活在一起也必然会有冲突。 ...全文","   同居   好不好 不好   
 首先   我 个人 觉得   同居   这事 本身 很 好   生活 生活习惯 习惯   平淡 日常   在 同居 居中 中都 能 体现 现出 出来   彼此 更深 深入 了解   也 能 节省 生活 开支   更 能 避免 被   同 妻   等    真 出现 重大 问题   及时 止损 肯定 定好 过 离婚  

 但是    同居   也 有 巨大 弊端   再好 的 感情 感情生活 生活 在 一起 也 必然 会 有 冲突       全文"
284,"#同居后最容易闹矛盾的点#
去朋友家做客的时候 男生把家务包了
然后我们一起开心的点外卖了
后面男生开始玩游戏 两个破产姐妹开始聊天
第二天我说:你们也太好了","# 同居 后 最 容易 闹矛盾 矛盾 的 点 #
 去 朋友 朋友家 做客 的 时候   男生 把 家务 包 了 
 然后 我们 一起 起开 开心 的 点 外卖 了 
 后面 男生 开始 玩游 玩游戏 游戏   两个 破产 姐妹 开始 聊天 
 第二 第二天 二天 我 说   你们 也 太好了"
285,#同居后最容易闹矛盾的点#太多了，最可怕还是不够坦诚！,# 同居 后 最 容易 闹矛盾 矛盾 的 点 # 太多 了   最 可怕 还是 不够 坦诚  
286,#同居后最容易闹矛盾的点#和女朋友同居的十大感受，同过居男朋友都是这种感受吧,# 同居 后 最 容易 闹矛盾 矛盾 的 点 # 和 女朋友 朋友 同居 的 十大 感受   同过 居 男朋友 朋友 都 是 这种 感受 吧
287,【居家防火及火灾自救】国庆出门不忘三件事，熄火关气断电源…家庭着火赶快逃，湿被护身往外跑，楼道起火积浓烟，退守家中等救援！#同居后最容易闹矛盾的点# 看视频，学习更多知识⬇️ 江西消防的微博视频,  居家 防火 及 火灾 自救   国庆 出门 不 忘 三件 事   熄火 关 气 断电 电源   家庭 着火 赶快 快逃   湿 被 护身 往 外 跑   楼道 起火 积 浓烟   退守 家中 中等 救援  # 同居 后 最 容易 闹矛盾 矛盾 的 点 #  看视 视频   学习 更多 知识     江西 消防 的 微 博 视频
288,#同居后最容易闹矛盾的点#是什么呀？,# 同居 后 最 容易 闹矛盾 矛盾 的 点 # 是 什么 呀  
289,"#同居后最容易闹矛盾的点#
大胆猜测一手谁早上先用洗手间","# 同居 后 最 容易 闹矛盾 矛盾 的 点 #
 大胆 猜测 一手 谁 早上 先用 洗手 洗手间"
290,"#刘星家到底多有钱#

来康康刘星笑场➕苏点合辑
这死孩子咋小时候就这么惹人爱了呢

不过当年一部家有儿女真的红遍大江南北，大红大紫，大吉大利，大……

#同居后最容易闹矛盾的点##我问了siri什么是喜欢# 贵圈三少爷的微博视频","# 刘 星 家 到底 多 有钱 #

 来 康 康 刘 星 笑场   苏 点 合 辑 
 这 死 孩子 咋 小时 小时候 时候 就 这么 惹人爱 了 呢 

 不过 当年 一部 家 有 儿女 女真 真的 红遍 大江 大江南北 江南 南北   大红 大红大紫   大吉 大吉大利 大利   大   

# 同居 后 最 容易 闹矛盾 矛盾 的 点 ## 我 问 了 siri 什么 是 喜欢 #  贵 圈 三 少爷 的 微 博 视频"
291,"#同居后最容易闹矛盾的点#
工作生活都累人的時候，就會開始下意識比較誰為彼此付出更多，開始分你我不再是我們了.....
#元气不断电#","# 同居 后 最 容易 闹矛盾 矛盾 的 点 #
 工作 生活 都 累人 的 時 候   就 會 開 始 下 意 識 比 較 誰 為 彼此 付出 更多   開 始 分 你 我 不再 是 我 們 了      
# 元气 不断 断电 #"
292,"#同居后最容易闹矛盾的点#
女生：和电视剧里的男朋友差远了，你看看人家男朋友，哼💢 你不爱我。
男生：我也想有主角光环啊，我太难了！ 西安·长安大学城","# 同居 后 最 容易 闹矛盾 矛盾 的 点 #
 女生   和 电视 电视剧 剧里 的 男朋友 朋友 差远 差远了   你 看看 人家 男朋友 朋友   哼    你 不 爱 我  
 男生   我 也 想有 主角 光环 啊   我 太 难 了    西安   长安 大学 大学城"
293,"#同居后最容易闹矛盾的点#“婚前同居现在已经很正常了，但是要做好充分的思想准备，因为你将会看到对方的很多缺点。你们做事要学会有商有量，不能再我行我素；私人空间变得越来越少，但是不要过多地干涉对方；记得给生活添加情趣，不要让生活变得乏味，可以偶尔出去约会看电影！”
——入心简话","# 同居 后 最 容易 闹矛盾 矛盾 的 点 #  婚前 同居 现在 已经 很 正常 了   但是 要 做好 充分 的 思想 准备   因为 你 将 会 看到 对方 的 很多 缺点   你们 做事 要 学会 有 商有量   不能 再 我行 我行我素   私人 空间 变得 越来 越来越 越来越少 越少   但是 不要 过 多 地 干涉 对方   记得 给 生活 添加 情趣   不要 让 生活 变得 乏味   可以 偶尔 出去 约会 看 电影   
   入 心 简 话"
294,#青县司法# 3分钟了解家暴！①对同居的男女朋友同样有效；②经常性的谩骂、恐吓等精神暴力也认定为家暴；③遭遇家暴，可向法院申请人身安全保护令。无论性别，遭遇家暴时，请拿起法律的武器保护自己！#同居后最容易闹矛盾的点# 共青团中央的秒拍视频 网页链接,# 青县 司法 # 3 分钟 了解 家暴    对 同居 的 男女 男女朋友 女朋友 朋友 同样 有效    经常 经常性 常性 的 谩骂   恐吓 等 精神 暴力 也 认定 定为 家暴    遭遇 家暴   可向 法院 申请 申请人 人身 人身安全 安全 保护 令   无论 性别   遭遇 家暴 时   请 拿起 法律 的 武器 保护 自己  # 同居 后 最 容易 闹矛盾 矛盾 的 点 #  共青 共青团 共青团中央 团中央 中央 的 秒 拍 视频   网页 链接
295,#同居后最容易闹矛盾的点#邋遢，不讲卫生，懒。我接受不了的点,# 同居 后 最 容易 闹矛盾 矛盾 的 点 # 邋遢   不 讲卫生 卫生   懒   我 接受 受不了 不了 的 点
296,#同居后最容易闹矛盾的点##同居后最容易闹矛盾的点# 1颗,# 同居 后 最 容易 闹矛盾 矛盾 的 点 ## 同居 后 最 容易 闹矛盾 矛盾 的 点 # 1 颗
297,"在追求、恋爱乃至婚姻中的残酷真相：

你表白后，对方不接受，不管ta给你理由，ta心里的真相只有一个：你现在还配不上我。

在一段关系中，一方以任何理由放弃了，真相只有一个:ta认为，你没有维护ta的利益。

#同居后最容易闹矛盾的点##男朋友不在社交网络公布你#情感超话","在 追求   恋爱 乃至 婚姻 中 的 残酷 真相  

 你 表白 后   对方 不 接受   不管 ta 给 你 理由  ta 心里 的 真相 只有 一个   你 现在 还 配不上 我  

 在 一段 关系 中   一方 以 任何 任何理由 理由 放弃 了   真相 只有 一个  ta 认为   你 没有 维护 ta 的 利益  

# 同居 后 最 容易 闹矛盾 矛盾 的 点 ## 男朋友 朋友 不在 社交 网络 公布 你 # 情感 超 话"
298,#同居后最容易闹矛盾的点#生活习惯不一样，感觉挺难磨合到一起的但是好不夸张颜齐的说，又有几个人是能完全融洽相处的呢，人与人之间，本来就是需要一个磨合的过程~互相体谅，互相包容,# 同居 后 最 容易 闹矛盾 矛盾 的 点 # 生活 生活习惯 习惯 不一 一样   感觉 挺 难 磨合 合到 一起 的 但是 好 不 夸张 颜 齐 的 说   又 有 几个 个人 是 能 完全 融洽 相处 的 呢   人 与 人 之间   本来 就是 需要 一个 磨合 的 过程   互相 体谅   互相 包容
299,"#男朋友不在社交网络公布你#

你，伴与不伴都是幸福的暖，想你，见与不见你都在我心中的暖，爱的幸福是温暖，想的疼痛是依恋，那是见与不见都在一起的陪伴！

#同居后最容易闹矛盾的点#","# 男朋友 朋友 不在 社交 网络 公布 你 #

 你   伴 与 不 伴 都 是 幸福 的 暖   想 你   见 与 不见 你 都 在我心中 我心 心中 的 暖   爱 的 幸福 是 温暖   想 的 疼痛 是 依恋   那 是 见 与 不见 都 在 一起 的 陪伴  

# 同居 后 最 容易 闹矛盾 矛盾 的 点 #"
300,#同居后最容易闹矛盾的点#@鄙人华胥残梦殇流年 有时候希望你有洁癖,# 同居 后 最 容易 闹矛盾 矛盾 的 点 #  鄙人 华 胥 残梦 殇 流年   有时 有时候 时候 希望 你 有 洁癖
301,"她，不会想见我，我，也不能去见她。
#男朋友不在社交网络公布你##同居后最容易闹矛盾的点#","她   不会 想见 我   我   也 不能 去 见 她  
# 男朋友 朋友 不在 社交 网络 公布 你 ## 同居 后 最 容易 闹矛盾 矛盾 的 点 #"
302,#同居后最容易闹矛盾的点#合着就我一个人在想着未来,# 同居 后 最 容易 闹矛盾 矛盾 的 点 # 合 着 就 我 一个 个人 在 想着 未来
303,谈恋爱的时候尽量不要同居~ #同居后最容易闹矛盾的点# 黄西炮的秒拍视频,谈恋爱 恋爱 的 时候 尽量 不要 要同 同居   # 同居 后 最 容易 闹矛盾 矛盾 的 点 #  黄 西 炮 的 秒 拍 视频
304,#同居后最容易闹矛盾的点# 网友求助: 之前和一位已婚同事同居。现在我结婚了，他拿“视频，逼我约澡”，好怕……我该怎么办？,# 同居 后 最 容易 闹矛盾 矛盾 的 点 #  网友 求助    之前 和 一位 已婚 同事 同居   现在 我 结婚 了   他 拿   视频   逼 我 约 澡    好 怕    我 该 怎么 怎么办  
305,#同居后最容易闹矛盾的点#情侣间闹矛盾不可避免，如果俩人三观不合，性格不合，在面临各种挑战和重大事件的看法不同，不管同不同居还是会闹矛盾，具体要看两个人的心态，是否愿意为了彼此互相理解、互相尊重、互相鼓励，在遇到矛盾时积极解决。但有一点可以肯定，同居后确实比同居前更容易发生矛盾,# 同居 后 最 容易 闹矛盾 矛盾 的 点 # 情侣 间 闹矛盾 矛盾 不可 不可避免 避免   如果 俩 人 三观 不合   性格 性格不合 不合   在 面临 各种 挑战 和 重大 重大事件 大事 事件 的 看法 不同   不管 同 不同 同居 还是 会 闹矛盾 矛盾   具体 体要 看 两个 个人 的 心态   是否 愿意 意为 为了 彼此 互相 互相理解 理解   互相 尊重   互相 鼓励   在 遇到 矛盾 时 积极 解决   但有 一点 可以 肯定   同居 后 确实 比 同居 前 更 容易 易发 发生 矛盾
306,#同居后最容易闹矛盾的点#刷锅洗碗，扫地拖地，洗衣服.......,# 同居 后 最 容易 闹矛盾 矛盾 的 点 # 刷 锅 洗碗   扫地 拖地   洗衣 洗衣服 衣服        
307,#同居后最容易闹矛盾的点# 三观不同，卫生观念不同，家务谁做！！！,# 同居 后 最 容易 闹矛盾 矛盾 的 点 #  三观 不同   卫生 观念 不同   家务 谁 做    
308,#同居后最容易闹矛盾的点#作息时间,# 同居 后 最 容易 闹矛盾 矛盾 的 点 # 作息 作息时间 时间
309,#同居后最容易闹矛盾的点#来一次长期旅行矛盾暴露的更多~,# 同居 后 最 容易 闹矛盾 矛盾 的 点 # 来 一次 次长 长期 旅行 矛盾 暴露 的 更多  
310,#同居后最容易闹矛盾的点#情侣间闹矛盾不可避免，如果俩人三观不合，性格不合，在面临各种挑战和重大事件的看法不同，不管同不同居还是会闹矛盾，具体要看两个人的心态，是否愿意为了彼此互相理解、互相尊重、互相鼓励，在遇到矛盾时积极解决。但有一点可以肯定，同居后确实比同居前更容易发生矛盾,# 同居 后 最 容易 闹矛盾 矛盾 的 点 # 情侣 间 闹矛盾 矛盾 不可 不可避免 避免   如果 俩 人 三观 不合   性格 性格不合 不合   在 面临 各种 挑战 和 重大 重大事件 大事 事件 的 看法 不同   不管 同 不同 同居 还是 会 闹矛盾 矛盾   具体 体要 看 两个 个人 的 心态   是否 愿意 意为 为了 彼此 互相 互相理解 理解   互相 尊重   互相 鼓励   在 遇到 矛盾 时 积极 解决   但有 一点 可以 肯定   同居 后 确实 比 同居 前 更 容易 易发 发生 矛盾
311,情侣间闹矛盾不可避免，如果俩人三观不合，性格不合，在面临各种挑战和重大事件的看法不同，不管同不同居还是会闹矛盾，具体要看两个人的心态，是否愿意为了彼此互相理解、互相尊重、互相鼓励，在遇到矛盾时积极解决。但有一点可以肯定，同居后确实比同居前更容易发生矛盾。因为两个人的成长环境不一样 ...全文,情侣 间 闹矛盾 矛盾 不可 不可避免 避免   如果 俩 人 三观 不合   性格 性格不合 不合   在 面临 各种 挑战 和 重大 重大事件 大事 事件 的 看法 不同   不管 同 不同 同居 还是 会 闹矛盾 矛盾   具体 体要 看 两个 个人 的 心态   是否 愿意 意为 为了 彼此 互相 互相理解 理解   互相 尊重   互相 鼓励   在 遇到 矛盾 时 积极 解决   但有 一点 可以 肯定   同居 后 确实 比 同居 前 更 容易 易发 发生 矛盾   因为 两个 个人 的 成长 环境 不一 一样      全文
312,#同居后最容易闹矛盾的点#没同居不知道。结了婚才发现男人懒的时候是真的懒到极致。有次我回娘家住了一个月，走之前沙发上的一堆衣服忘记叠，一个月回到家后那一堆衣服还是原封不动的堆在那里,# 同居 后 最 容易 闹矛盾 矛盾 的 点 # 没 同居 不知 知道   结了婚 才 发现 男人 懒 的 时候 是 真的 懒 到 极致   有 次 我 回娘家 娘家 家住 了 一个 一个月   走 之前 沙发 发上 的 一堆 衣服 忘记 叠   一个 一个月 回到 家 后 那 一堆 衣服 还是 原封 原封不动 不动 的 堆 在 那里
313,#同居后最容易闹矛盾的点#我作,# 同居 后 最 容易 闹矛盾 矛盾 的 点 # 我 作
314,#同居后最容易闹矛盾的点#有啥矛盾好闹的，直接脱掉裤子来一发不就好了？艹 乖就好了！,# 同居 后 最 容易 闹矛盾 矛盾 的 点 # 有 啥 矛盾 好 闹 的   直接 脱掉 裤子 来 一发 发不 就 好 了   艹   乖 就 好 了  
315,"#同居后最容易闹矛盾的点#
我我我 我最有发言权
最大的矛盾莫过于饮食习惯了吧
我和十二先生在一起不久便同居了
生活习惯简直不要太合拍
衣服两天一洗 床单两周一洗
内衣袜子手洗且香皂不同
睡觉他小小打呼 我很习惯 不抢被子不踢人
但是！！！！！！！！！
最大的矛盾！！！！！就是饮食习惯
我人生最 ...全文","# 同居 后 最 容易 闹矛盾 矛盾 的 点 #
 我 我 我   我 最 有 发言 发言权 
 最大 的 矛盾 莫过 莫过于 过于 饮食 饮食习惯 习惯 了 吧 
 我 和 十二 先生 生在 一起 不久 便 同居 了 
 生活 生活习惯 习惯 简直 不要 太合 合拍 
 衣服 两天 天一 洗   床单 两周 周一 洗 
 内衣 袜子 手 洗 且 香皂 不同 
 睡觉 他 小小 打呼   我 很 习惯   不 抢 被子 不 踢 人 
 但是          
 最大 的 矛盾       就是 饮食 饮食习惯 习惯 
 我 人生 最      全文"
316,#同居后最容易闹矛盾的点# 同居后会因为卫生一些小问题而闹矛盾,# 同居 后 最 容易 闹矛盾 矛盾 的 点 #  同居 后会 因为 卫生 一些 些小 问题 而 闹矛盾 矛盾
317,#同居后最容易闹矛盾的点#同居个啥？！有病啊，不要绑架我 成都,# 同居 后 最 容易 闹矛盾 矛盾 的 点 # 同居 个 啥    有 病 啊   不要 绑架 我   成都
318,#同居后最容易闹矛盾的点#同居情侣要怎么避免矛盾🌚这个解决方法有点6 习惯没有你的今天的微博视频,# 同居 后 最 容易 闹矛盾 矛盾 的 点 # 同居 情侣 要 怎么 避免 矛盾   这个 解决 方法 有点 6  习惯 没有 你 的 今天 的 微 博 视频
319,#同居后最容易闹矛盾的点# 有点甜耶,# 同居 后 最 容易 闹矛盾 矛盾 的 点 #  有点 甜 耶
320,#同居后最容易闹矛盾的点#不以结婚为目的的同居最后受伤的都是女人,# 同居 后 最 容易 闹矛盾 矛盾 的 点 # 不以 结婚 为 目的 的 同居 最后 受伤 的 都 是 女人
321,【“只要感情好，结婚证不重要”？这里给你答案！】“我们在老家办了酒席，一直没有领证，算不算事实婚姻呢？”“我和男朋友同居八年，一直还没领证，我们的财产应该如何划分呢？”你还在认为夫妻之实=事实婚姻？其实，认定事实婚姻是存在时间条件和实质要件的！快戳视频学习起来↓↓↓ ...全文,   只要 感情 好   结婚 结婚证 不重 重要    这里 给 你 答案     我们 在 老家 办 了 酒席   一直 没有 领证   算不算 不算 事实 事实婚 婚姻 呢     我 和 男朋友 朋友 同居 八年   一直 还 没 领证   我们 的 财产 应该 如何 划分 呢    你 还 在 认为 夫妻 之 实   事实 事实婚 婚姻   其实   认定 事实 事实婚 婚姻 是 存在 时间 条件 和 实质 质要 要件 的   快 戳 视频 学习 起来         全文
322,"婚前情侣同居有哪些意想不到的矛盾？
1.看到对方各种丑态
2.没有隐私权
3.各做各的事
4.常吵架
5.了解沟通有多重要
7.家里所有事都要一起完成
#同居后最容易闹矛盾的点##情感依梦# 情感依梦的微博投票","婚前 前情 情侣 同居 有 哪些 意想 意想不到 想不到 不到 的 矛盾  
1  看到 对方 各种 丑态 
2  没有 隐私 隐私权 
3  各 做 各 的 事 
4  常 吵架 
5  了解 沟通 通有 多重 重要 
7  家里 所有 有事 都 要 一起 完成 
# 同居 后 最 容易 闹矛盾 矛盾 的 点 ## 情感 依 梦 #  情感 依 梦 的 微 博 投票"
323,#同居后最容易闹矛盾的点#婚前同居真的太必要了 个人觉得半年到一年差不多就可以了 太长或太短时间要么看不清俩人矛盾的本质 要么就把所有新鲜感都磨没了 分手的几率就变大了 有没有同居过得小伙伴分享一下心得啊 臀十一-的微博投票,# 同居 后 最 容易 闹矛盾 矛盾 的 点 # 婚前 同居 真的 太 必要 了   个人 觉得 半年 到 一年 差不多 不多 就 可以 了   太长 或 太短 短时 短时间 时间 要么 看不清 俩 人 矛盾 的 本质   要么 就 把 所有 新鲜 新鲜感 都 磨 没了   分手 的 几率 就 变大 了   有没有 没有 同居 过 得 小伙 小伙伴 伙伴 分享 一下 心得 啊   臀 十一   的 微 博 投票
324,在知乎上看到一篇妈妈写给女儿关于同居的看法：“同居关系，能够使你们更好的去体验双方精神上有没有共同的追求。相处之后，时间的磨砺，露出两个人的矛盾、无聊甚至丑陋的一面的时候，才能更好的审视精神上是否协调一致，是否有更多的相同的追求，而这在恋爱中，你很难去体验。” ...全文,在 知 乎 上 看到 一篇 妈妈 写给 女儿 关于 同居 的 看法    同居 关系   能够 使 你们 更好 的 去 体验 双方 精神 上有 有没有 没有 共同 的 追求   相处 之后   时间 的 磨砺   露出 两个 个人 的 矛盾   无聊 甚至 丑陋 的 一面 的 时候   才能 更好 的 审视 精神 上 是否 协调 协调一致 一致   是否 有 更多 的 相同 的 追求   而 这 在 恋爱 中   你 很 难 去 体验        全文
325,#同居后最容易闹矛盾的点#就是那种想占为己有的心 会造成各种各样的矛盾点,# 同居 后 最 容易 闹矛盾 矛盾 的 点 # 就是 那种 想 占为 占为己有 的 心   会 造成 各种 各种各样 各样 的 矛盾 点
326,#同居后最容易闹矛盾的点#我觉得婚前同居很有必要，可是我又不能接受婚前性行为，我好难,# 同居 后 最 容易 闹矛盾 矛盾 的 点 # 我 觉得 婚前 同居 很 有 必要   可是 我 又 不能 接受 婚前 性行 性行为 行为   我 好 难
327,3分钟了解家暴！①对同居的男女朋友同样有效；②经常性的谩骂、恐吓等精神暴力也认定为家暴；③遭遇家暴，可向法院申请人身安全保护令。无论性别，遭遇家暴时，请拿起法律的武器保护自己！#同居后最容易闹矛盾的点# 共青团中央的秒拍视频 网页链接,3 分钟 了解 家暴    对 同居 的 男女 男女朋友 女朋友 朋友 同样 有效    经常 经常性 常性 的 谩骂   恐吓 等 精神 暴力 也 认定 定为 家暴    遭遇 家暴   可向 法院 申请 申请人 人身 人身安全 安全 保护 令   无论 性别   遭遇 家暴 时   请 拿起 法律 的 武器 保护 自己  # 同居 后 最 容易 闹矛盾 矛盾 的 点 #  共青 共青团 共青团中央 团中央 中央 的 秒 拍 视频   网页 链接
328,你觉得情侣之间，#同居后最容易闹矛盾的点#是什么？ 抚州广昌发布的微博投票,你 觉得 情侣 之间  # 同居 后 最 容易 闹矛盾 矛盾 的 点 # 是 什么    抚州 广昌 发布 的 微 博 投票
329,"#同居后最容易闹矛盾的点# 很多人说是做家务

作为一个超级居家、恋家的巨蟹男，每次回老家必收拾屋子、扫地、拖地、擦屋子犄角旮旯、给老妈洗衣服、做饭、刷碗（特别喜欢）、收拾厨房、扔垃圾、倒脏水… 🤣

离家前，一定要把它们都做好，才能安心。如果做不完这些事，离家回津都不舒服。在做 ...全文","# 同居 后 最 容易 闹矛盾 矛盾 的 点 #  很多 人 说 是 做 家务 

 作为 一个 超级 居家   恋家 的 巨蟹 男   每次 回老家 老家 必 收拾 屋子   扫地   拖地   擦 屋子 犄角 旮旯   给 老妈 洗衣 洗衣服 衣服   做饭   刷 碗   特别 喜欢    收拾 厨房   扔 垃圾   倒 脏水    

 离家 前   一定 定要 把 它们 都 做好   才能 安心   如果 做 不 完 这些 事   离家 回 津 都 不 舒服   在 做      全文"
330,"#同居后最容易闹矛盾的点#两个人谈恋爱，如果真的决定在一起了，一定要先同居一段时间再决定（不要三五几个月就随便同居）
两个人如果谈婚论嫁了，那就同居一段时间试试吧，期间一定要保护好自己，毕竟没结婚，什么都不确定，千万不要弄什么奉子成婚之类的破事儿。
同居期间，生活习惯，生活节奏，态度 ...全文","# 同居 后 最 容易 闹矛盾 矛盾 的 点 # 两个 个人 谈恋爱 恋爱   如果 果真 真的 决定 在 一起 了   一定 定要 先同 同居 一段 一段时间 段时间 时间 再 决定   不要 三五 几个 月 就 随便 同居  
 两个 个人 如果 谈婚论嫁 了   那 就 同居 一段 一段时间 段时间 时间 试试 吧   期间 一定 定要 保护 护好 自己   毕竟 没 结婚   什么 都 不 确定   千万 不要 弄 什么 奉子成婚 成婚 之类 的 破 事儿  
 同居 期间   生活 生活习惯 习惯   生活 生活节奏 节奏   态度      全文"
331,#同居后最容易闹矛盾的点# 恋爱同居后你会发现原来男生是这样子的……,# 同居 后 最 容易 闹矛盾 矛盾 的 点 #  恋爱 同居 后 你 会 发现 原来 男生 是 这样 样子 的   
332,#同居后最容易闹矛盾的点#有没有小姐姐同居,# 同居 后 最 容易 闹矛盾 矛盾 的 点 # 有没有 没有 小姐 小姐姐 姐姐 同居
333,#同居后最容易闹矛盾的点# 同居以后的才知道的小秘密 情感树心的微博视频,# 同居 后 最 容易 闹矛盾 矛盾 的 点 #  同居 以后 的 才 知道 的 小 秘密   情感 树心 的 微 博 视频
334,"#同居后最容易闹矛盾的点#
我其实还好 别那么乱 干净点 能和我同居的只是我喜欢而且能逗我开心和话多的","# 同居 后 最 容易 闹矛盾 矛盾 的 点 #
 我 其实 还好   别 那么 乱   干净 点   能 和 我 同居 的 只是 我 喜欢 而且 能 逗我 开心 和 话 多 的"
335,"#同居后最容易闹矛盾的点# 睡觉可能也是一个容易引起矛盾的点。

虽然搂着女朋友睡觉的画面很有偶像剧的感觉，但是坚持不了很长时间就会受不了。

因为手臂内侧有很多表浅的血管和神经，而且很容易触及，压久了之后很容易导致手发麻。

到底身体哪些部位适合女朋友用来枕？我们通过人体解剖学知识来告 ...全文","# 同居 后 最 容易 闹矛盾 矛盾 的 点 #  睡觉 可能 也 是 一个 容易 引起 引起矛盾 矛盾 的 点  

 虽然 搂 着 女朋友 朋友 睡觉 的 画面 很 有 偶像 偶像剧 的 感觉   但是 坚持 不了 很 长时间 时间 就 会 受不了 不了  

 因为 手臂 内侧 有 很多 表 浅 的 血管 和 神经   而且 很 容易 触及   压 久 了 之后 很 容易 导致 手 发麻  

 到底 身体 哪些 部位 适合 女朋友 朋友 用来 枕   我们 通过 过人 人体 解剖 解剖学 知识 来 告      全文"
336,#同居后最容易闹矛盾的点# 【男女思维差很大？别把这个当成不用心沟通的理由】你是否总是觉得自己的另一半很难理解？伴侣之间如果出现沟通问题，往往会归咎于男女思维差异最后不了了之，然而积累到一定的量就成了关系破裂的导火索。男人和女人真的一个来自火星一个来自金星吗？科普告诉你答案（ ...全文,# 同居 后 最 容易 闹矛盾 矛盾 的 点 #   男女 思维 差 很大   别 把 这个 当成 不用 用心 沟通 的 理由   你 是否 总是 觉得 自己 的 另一半 一半 很 难 理解   伴侣 之间 如果 出现 沟通 问题   往往 会 归咎 归咎于 男女 思维 差异 最后 不了 不了了之 了了 之   然而 积累 到 一定 的 量 就 成 了 关系 破裂 的 导火 导火索   男人 和 女人 女人真 真的 一个 来自 火星 一个 来自 金星 吗   科普 告诉 你 答案       全文
337,#同居后最容易闹矛盾的点# 那是一段我都不想提的感情，我给说只是我想坦诚 。不想有欺骗。,# 同居 后 最 容易 闹矛盾 矛盾 的 点 #  那 是 一段 我 都 不想 提 的 感情   我 给 说 只是 我 想 坦诚    不想 想有 欺骗  
338,龙儿心语与转摘超话#同居后最容易闹矛盾的点#首先是生活习惯，饮食爱好，作息等，总之这些都有可能闹矛盾，倘若能从中调和即可，完全相左则不适合继续在一起生活……,龙 儿 心语 与 转 摘 超 话 # 同居 后 最 容易 闹矛盾 矛盾 的 点 # 首先 先是 生活 生活习惯 习惯   饮食 爱好   作息 等   总之 这些 都 有 可能 闹矛盾 矛盾   倘若 能 从中 调和 即可   完全 相左 则 不适 适合 继续 在 一起 生活   
339,"#同居后最容易闹矛盾的点#
早点发现，及时止损。","# 同居 后 最 容易 闹矛盾 矛盾 的 点 #
 早点 发现   及时 止损  "
340,据说一妹子是因为喝多了，掉厕所里面了..... .这样的女朋友你还要不？ #同居后最容易闹矛盾的点# 一手视频的微博视频,据说 一 妹子 是因为 因为 喝 多 了   掉 厕所 所里 里面 了         这样 的 女朋友 朋友 你 还要 不   # 同居 后 最 容易 闹矛盾 矛盾 的 点 #  一手 视频 的 微 博 视频
341,#同居后最容易闹矛盾的点#做菜我切的土豆太厚了，吵架。买的西瓜是生的，我扔了，吵架。单位工资没有照常发，关键是我都把理由说了，还是吵架。问我她染什么发色好看，我感觉颜色都一样，看不出来，吵架。因为双方父母，吵架。总之每周必吵一次架。吵架的点实在是太多太多了。,# 同居 后 最 容易 闹矛盾 矛盾 的 点 # 做菜 我 切 的 土豆 太 厚 了   吵架   买 的 西瓜 是 生 的   我 扔 了   吵架   单位 工资 没有 照常 发   关键 是 我 都 把 理由 说 了   还是 吵架   问 我 她 染 什么 发 色 好看   我 感觉 颜色 都 一样   看不出 看不出来 不出 出来   吵架   因为 双方 父母   吵架   总之 每周 必 吵 一次 架   吵架 的 点 实在 是 太多 太多 了  
342,"#名侦探柯南# 像极了婚后同居的新一和小兰~♡
#同居后最容易闹矛盾的点#","# 名 侦探 柯 南 #  像 极了 婚后 同居 的 新 一 和 小 兰   
# 同居 后 最 容易 闹矛盾 矛盾 的 点 #"
343,#同居后最容易闹矛盾的点#你觉得是哪一点,# 同居 后 最 容易 闹矛盾 矛盾 的 点 # 你 觉得 是 哪一点 一点
344,#同居后最容易闹矛盾的点#应该是:两人东西放一起，找起来翻乱另一半的。,# 同居 后 最 容易 闹矛盾 矛盾 的 点 # 应该 该是   两 人 东西 放 一起   找起 起来 翻 乱 另一半 一半 的  
345,#同居后最容易闹矛盾的点#因为家务分配问题吧,# 同居 后 最 容易 闹矛盾 矛盾 的 点 # 因为 家务 分配 问题 吧
346,#同居后最容易闹矛盾的点# 【法律上支持青春损失费吗？】恋爱、同居、分手本来就是一件很平常的事情，但是有的人在结束一段感情之后，总觉得自己吃了亏，想要点补偿。于是青春损失费、分手费就出现了，那么这些费用在法律上能得到支持吗？ （via.青海普法）,# 同居 后 最 容易 闹矛盾 矛盾 的 点 #   法律 上 支持 青春 损失 损失费 吗    恋爱   同居   分手 手本 本来 就是 一件 很 平常 的 事情   但是 有 的 人 在 结束 一段 感情 之后   总觉 觉得 自己 吃了亏   想要 要点 补偿   于是 青春 损失 损失费   分手 费 就 出现 了   那么 这些 费用 在 法律 上 能 得到 支持 吗    via  青海 普法  
347,"说谎和沉默

是现在人类社会

日渐蔓延的两大罪恶
实际上

我们经常说谎 动不动就沉默
#同居后最容易闹矛盾的点##情感#","说谎 和 沉默 

 是 现在 人类 社会 

 日渐 蔓延 的 两 大 罪恶 
 实际 实际上 

 我们 经常 说谎   动不动 不动 就 沉默 
# 同居 后 最 容易 闹矛盾 矛盾 的 点 ## 情感 #"
348,#法律知识# 3分钟了解家暴！①对同居的男女朋友同样有效；②经常性的谩骂、恐吓等精神暴力也认定为家暴；③遭遇家暴，可向法院申请人身安全保护令。无论性别，遭遇家暴时，请拿起法律的武器保护自己！#同居后最容易闹矛盾的点# 共青团中央的秒拍视频,# 法律 知识 # 3 分钟 了解 家暴    对 同居 的 男女 男女朋友 女朋友 朋友 同样 有效    经常 经常性 常性 的 谩骂   恐吓 等 精神 暴力 也 认定 定为 家暴    遭遇 家暴   可向 法院 申请 申请人 人身 人身安全 安全 保护 令   无论 性别   遭遇 家暴 时   请 拿起 法律 的 武器 保护 自己  # 同居 后 最 容易 闹矛盾 矛盾 的 点 #  共青 共青团 共青团中央 团中央 中央 的 秒 拍 视频
349,"#同居后最容易闹矛盾的点#
矛盾时有发生，也是很正常的
看郑爽都委屈痛哭，张恒却无动于衷
甜蜜的爱情当然也会有争吵，情商还是要在实际交往中提高 追星阿喵喵的微博视频","# 同居 后 最 容易 闹矛盾 矛盾 的 点 #
 矛盾 时有发生 发生   也 是 很 正常 的 
 看 郑 爽 都 委屈 痛哭   张 恒 却 无动于衷 
 甜蜜 的 爱情 当然 也 会 有 争吵   情商 还是 要 在 实际 交往 中 提高   追星 阿 喵 喵 的 微 博 视频"
350,"#同居后最容易闹矛盾的点#
蹦迪后醉宿绝对是其中之一，谁知道喝了酒的你是不是这幅样子～当时我就震惊了的微博视频","# 同居 后 最 容易 闹矛盾 矛盾 的 点 #
 蹦迪 后 醉 宿 绝对 是 其中 之一   谁知 知道 喝了酒 的 你 是不是 不是 这幅 样子   当时 我 就 震惊 了 的 微 博 视频"
351,#同居后最容易闹矛盾的点#不做家务活，不收拾屋子，打扰我睡觉！！！就是你！@椀筱曦丶 哈尔滨·创业中心(湘江路),# 同居 后 最 容易 闹矛盾 矛盾 的 点 # 不 做 家务 家务活   不收 收拾 屋子   打扰 我 睡觉     就是 你    椀 筱 曦 丶   哈尔 哈尔滨   创业 中心   湘江 路  
352,"#同居后最容易闹矛盾的点# 谁洗碗？谁打扫清洁？谁做饭？

会不会有 房间怎么布置？
毕竟夫妻装修都非常容易闹矛盾~~

#家居美学#","# 同居 后 最 容易 闹矛盾 矛盾 的 点 #  谁 洗碗   谁 打扫 扫清 清洁   谁 做饭  

 会 不会 有   房间 怎么 布置  
 毕竟 夫妻 装修 都 非常 非常容易 常容 容易 闹矛盾 矛盾   

# 家居 美学 #"
353,#同居后最容易闹矛盾的点#只想和自己最爱的人同居,# 同居 后 最 容易 闹矛盾 矛盾 的 点 # 只 想 和 自己 最爱 的 人 同居
354,#同居后最容易闹矛盾的点#同居后很多问题都会被发现或放大，所以结婚前先同居是有必要的，同居后才知道这个人是不是真的适合未来一起生活。 宁波租房在线的微博投票,# 同居 后 最 容易 闹矛盾 矛盾 的 点 # 同居 后 很多 问题 都 会 被 发现 或 放大   所以 结婚 婚前 先同 同居 是 有 必要 的   同居 后 才 知道 这个 个人 是不是 不是 真的 适合 未来 一起 生活    宁波 租房 在线 的 微 博 投票
355,"#同居后最容易闹矛盾的点#

据说，这是闹矛盾后男生女生不同的反应↓↓↓","# 同居 后 最 容易 闹矛盾 矛盾 的 点 #

 据说   这 是 闹矛盾 矛盾 后 男生 男生女生 生女生 女生 不同 的 反应    "
356,#同居后最容易闹矛盾的点#同居后会发生的事，妹子果然过来人啊啥都敢说 搞笑南叔的微博视频,# 同居 后 最 容易 闹矛盾 矛盾 的 点 # 同居 后会 发生 的 事   妹子 子果 果然 过来 过来人 啊 啥 都 敢 说   搞笑 南 叔 的 微 博 视频
357,3分钟了解家暴！①对同居的男女朋友同样有效；②经常性的谩骂、恐吓等精神暴力也认定为家暴；③遭遇家暴，可向法院申请人身安全保护令。无论性别，遭遇家暴时，请拿起法律的武器保护自己！#同居后最容易闹矛盾的点# 共青团中央的秒拍视频 网页链接 苏州,3 分钟 了解 家暴    对 同居 的 男女 男女朋友 女朋友 朋友 同样 有效    经常 经常性 常性 的 谩骂   恐吓 等 精神 暴力 也 认定 定为 家暴    遭遇 家暴   可向 法院 申请 申请人 人身 人身安全 安全 保护 令   无论 性别   遭遇 家暴 时   请 拿起 法律 的 武器 保护 自己  # 同居 后 最 容易 闹矛盾 矛盾 的 点 #  共青 共青团 共青团中央 团中央 中央 的 秒 拍 视频   网页 链接   苏州
358,【“只要感情好，结婚证不重要”？这里给你答案！】“我们在老家办了酒席，一直没有领证，算不算事实婚姻呢？”“我和男朋友同居八年，一直还没领证，我们的财产应该如何划分呢？”你还在认为夫妻之实=事实婚姻？其实，认定事实婚姻是存在时间条件和实质要件的！快戳视频学习起来↓↓↓ ...全文,   只要 感情 好   结婚 结婚证 不重 重要    这里 给 你 答案     我们 在 老家 办 了 酒席   一直 没有 领证   算不算 不算 事实 事实婚 婚姻 呢     我 和 男朋友 朋友 同居 八年   一直 还 没 领证   我们 的 财产 应该 如何 划分 呢    你 还 在 认为 夫妻 之 实   事实 事实婚 婚姻   其实   认定 事实 事实婚 婚姻 是 存在 时间 条件 和 实质 质要 要件 的   快 戳 视频 学习 起来         全文
359,#同居后最容易闹矛盾的点#这话题一出，我就问他了，然后回复很乖,# 同居 后 最 容易 闹矛盾 矛盾 的 点 # 这话 话题 一出   我 就 问 他 了   然后 回复 很 乖
360,"#四川网警•案例宣讲月# 【律师告诉你夫妻财产约定应该怎样签↓ 】

现如今，很多夫妻为了不因财产问题产生纠纷，会提前签好一份财产协议，除了约定离婚时财产怎么分，还会约定“出轨方净身出户”、“有家暴行为的，净身出户”、“财产归我、债务归你”......这些约定签了你可能会有安 ...全文","# 四川 网警   案例 宣讲 月 #   律师 告诉 你 夫妻 财产 约定 应该 怎样 签    

 现如今 如今   很多 多夫 夫妻 为了 不因 财产 问题 产生 产生纠纷 纠纷   会 提前 签好 一份 财产 协议   除了 约定 离婚 时 财产 怎么 分   还 会约 约定   出轨 方 净身 出 户     有 家暴 暴行 行为 的   净身 出 户     财产 归 我   债务 归 你         这些 约定 签 了 你 可能 会 有 安      全文"
361,#同居后最容易闹矛盾的点#知识盲区,# 同居 后 最 容易 闹矛盾 矛盾 的 点 # 知识 盲区
362,"看到最后！！！

#同居后最容易闹矛盾的点# 小萌快泡的微博视频","看到 最后    

# 同居 后 最 容易 闹矛盾 矛盾 的 点 #  小 萌 快泡 的 微 博 视频"
363,"#四川网警•案例宣讲月# 【为TA而转！反家暴法施行三年：法律撑腰 不做""沉默的羔羊""】

你知道吗？①恐吓等精神暴力纳入家暴；②同居人等实施暴力适用反家暴法；③发现家暴不报案将担责；④建立人身安全保护令制度。法律规定当事人因遭受家庭暴力或者面临家庭暴力的现实危险，可向法院申请人身 ...全文","# 四川 网警   案例 宣讲 月 #   为 TA 而 转   反 家暴 法施 施行 三年   法律 撑腰   不 做   沉默 的 羔羊   

 你 知道 吗    恐吓 等 精神 暴力 纳入 家暴    同居 同居人 等 实施 施暴 暴力 适用 反 家暴 法    发现 家暴 不报 报案 将 担 责    建立 立人 人身 人身安全 安全 保护 令 制度   法律 规定 定当 当事 当事人 因 遭受 家庭 家庭暴力 暴力 或者 面临 家庭 家庭暴力 暴力 的 现实 危险   可向 法院 申请 申请人 人身      全文"
364,"#同居后最容易闹矛盾的点#
灵性，生命间的桥梁，心能感应得到。
韩国网友家养了16年的狗狗Okey，在生命即将结束之际，听到主人唱歌还会努力地点头回应。闭眼离世的瞬间，小主人崩溃大哭...来世还要做一家人啊！（YTB：사랑해오키야잘가）
YouTube精彩视频的微博视频","# 同居 后 最 容易 闹矛盾 矛盾 的 点 #
 灵性   生命 间 的 桥梁   心 能感 感应 应得 得到  
 韩国 韩国网 网友 家养 了 16 年 的 狗狗 Okey  在 生命 即将 结束 之际   听到 主人 唱歌 还 会 努力 地点 点头 回应   闭眼 眼离 离世 的 瞬间   小 主人 崩溃 大哭     来世 还要 做 一家 一家人 家人 啊   YTB          
YouTube 精彩 精彩视频 视频 的 微 博 视频"
365,"#同居后最容易闹矛盾的点#同居后最容易因为生活习惯产生矛盾

这是我的作业请大家多多点击阅读！谢谢！！ 黄婉咦惹的微博视频","# 同居 后 最 容易 闹矛盾 矛盾 的 点 # 同居 后 最 容易 因为 为生 生活 生活习惯 习惯 产生 产生矛盾 矛盾 

 这 是 我 的 作业 请 大家 多多 多点 点击 阅读   谢谢     黄 婉 咦 惹 的 微 博 视频"
366,#同居后最容易闹矛盾的点#生活习惯 脾气,# 同居 后 最 容易 闹矛盾 矛盾 的 点 # 生活 生活习惯 习惯   脾气
367,"#四川网警•案例宣讲月# 【“只要感情好，结婚证不重要”？这里给你答案！】

“我们在老家办了酒席，一直没有领证，算不算事实婚姻呢？”“我和男朋友同居八年，一直还没领证，我们的财产应该如何划分呢？”你还在认为夫妻之实=事实婚姻？其实，认定事实婚姻是存在时间条件和实质要件的 ...全文","# 四川 网警   案例 宣讲 月 #    只要 感情 好   结婚 结婚证 不重 重要    这里 给 你 答案   

  我们 在 老家 办 了 酒席   一直 没有 领证   算不算 不算 事实 事实婚 婚姻 呢     我 和 男朋友 朋友 同居 八年   一直 还 没 领证   我们 的 财产 应该 如何 划分 呢    你 还 在 认为 夫妻 之 实   事实 事实婚 婚姻   其实   认定 事实 事实婚 婚姻 是 存在 时间 条件 和 实质 质要 要件 的      全文"
368,"世上没有一开始就合适的爱情
没有三观 生活习惯 家庭背景等等完全匹配的人
我们都是世上最特别也是普通的一个人
希望你遇到的都是让你心动的人
不是掺杂着其他层面的抉择
是靠着彼此的吸引和依赖
互相的改变磨合 携手走下去的那个人
你的每一个动作眼神我都懂
柴米油盐酱醋茶 都是你。
...全文","世上 没有 一开 开始 就 合适 的 爱情 
 没有 三观   生活 生活习惯 习惯   家庭 背景 等等 完全 匹配 的 人 
 我们 都 是 世上 最 特别 也 是 普通 的 一个 个人 
 希望 你 遇到 的 都 是 让 你 心动 的 人 
 不是 掺杂 着 其他 层面 的 抉择 
 是 靠着 彼此 的 吸引 和 依赖 
 互相 的 改变 磨合   携手 走下 下去 的 那个 个人 
 你 的 每 一个 动作 眼神 我 都 懂 
 柴米 柴米油盐 柴米油盐酱醋茶 油盐 油盐酱醋 茶   都 是 你  
    全文"
369,同居之后的矛盾点那就多了，同居后你的女神还是你的女神，男神依旧是你的男神吗#同居后最容易闹矛盾的点# 极品胖子的微博视频,同居 之后 的 矛盾 点 那 就 多 了   同居 后 你 的 女神 还是 你 的 女神   男 神 依旧 是 你 的 男 神 吗 # 同居 后 最 容易 闹矛盾 矛盾 的 点 #  极品 胖子 的 微 博 视频
370,#同居后最容易闹矛盾的点#在谈婚论嫁的前提下可以婚前同居，主要是要保护好自己。,# 同居 后 最 容易 闹矛盾 矛盾 的 点 # 在 谈婚论嫁 的 前提 提下 可以 婚前 同居   主要 要是 要 保护 护好 自己  
371,#优秀的男朋友有什么标准# 电影《名扬四海》中经典浪漫片段，男主温柔演唱《Try》。这娃唱歌好听死了！ 电影评论人的秒拍视频 #同居后最容易闹矛盾的点#,# 优秀 的 男朋友 朋友 有 什么 标准 #  电影   名扬 名扬四海 四海   中经 经典 浪漫 片段   男 主 温柔 演唱  Try   这 娃 唱歌 好听 死 了    电影 影评 评论 人 的 秒 拍 视频  # 同居 后 最 容易 闹矛盾 矛盾 的 点 #
372,"同居越来越久，沟通越来越少
空调开多少度都不是最合适
外卖和快递谁也不愿意取
但快乐还是很多的，比如睁开眼就是对的人
#同居后最容易闹矛盾的点#","同居 越来 越来越 久   沟通 越来 越来越 越来越少 越少 
 空调 调开 多少 多少度 都 不是 最合适 合适 
 外卖 和 快递 谁 也 不 愿意 取 
 但 快乐 还是 很多 的   比如 睁开 睁开眼 开眼 就是 对 的 人 
# 同居 后 最 容易 闹矛盾 矛盾 的 点 #"
373,情侣之间同居以后才知道的小秘密。 #同居后最容易闹矛盾的点# 记得的微博视频,情侣 之间 同居 以后 才 知道 的 小 秘密   # 同居 后 最 容易 闹矛盾 矛盾 的 点 #  记得 的 微 博 视频
374,#同居后最容易闹矛盾的点# 和女朋友同居，你需要做好以下准备,# 同居 后 最 容易 闹矛盾 矛盾 的 点 #  和 女朋友 朋友 同居   你 需要 做好 以下 准备
375,#同居后最容易闹矛盾的点#远香近臭这句话是有道理的，同居不就是为了看他最差的时候你能不能忍受吗？木桶效应罢了,# 同居 后 最 容易 闹矛盾 矛盾 的 点 # 远 香 近 臭 这 句 话 是 有 道理 的   同居 不 就是 为了 看 他 最差 的 时候 你 能 不能 忍受 吗   木桶 效应 罢了
376,"#四川网警•案例宣讲月# 【律师告诉你夫妻财产约定应该怎样签↓ 】

现如今，很多夫妻为了不因财产问题产生纠纷，会提前签好一份财产协议，除了约定离婚时财产怎么分，还会约定“出轨方净身出户”、“有家暴行为的，净身出户”、“财产归我、债务归你”......这些约定签了你可能会有安 ...全文","# 四川 网警   案例 宣讲 月 #   律师 告诉 你 夫妻 财产 约定 应该 怎样 签    

 现如今 如今   很多 多夫 夫妻 为了 不因 财产 问题 产生 产生纠纷 纠纷   会 提前 签好 一份 财产 协议   除了 约定 离婚 时 财产 怎么 分   还 会约 约定   出轨 方 净身 出 户     有 家暴 暴行 行为 的   净身 出 户     财产 归 我   债务 归 你         这些 约定 签 了 你 可能 会 有 安      全文"
377,#同居后最容易闹矛盾的点#女朋友跟前任同居过是什么感受？大家的经历真的走心了！,# 同居 后 最 容易 闹矛盾 矛盾 的 点 # 女朋友 朋友 跟前 前任 同居 过 是 什么 感受   大家 的 经历 真的 走 心 了  
378,#同居后最容易闹矛盾的点#小事情吧可能都是,# 同居 后 最 容易 闹矛盾 矛盾 的 点 # 小事 事情 吧 可能 都 是
379,"#同居后最容易闹矛盾的点#
个人卫生问题是最容易吵架的
比如臭袜子 脏衣服 等等等等","# 同居 后 最 容易 闹矛盾 矛盾 的 点 #
 个人 个人卫生 卫生 问题 是 最 容易 吵架 的 
 比如 臭 袜子   脏 衣服   等等 等等等等 等等 等等"
380,"#四川网警•案例宣讲月# 【女子遭家暴报警求助 民警追查有意外发现：他是15年前命案逃犯】

近日，西安30岁的张女士被同居男子长期家暴，到派出所求助。民警通过调查，确定了张女士这个有家暴行为“老公”，就是曾经伙同他人持刀抢劫、殴打，最终致受害人死亡的亡命之徒赵某刚，在逃15年。经 ...全文","# 四川 网警   案例 宣讲 月 #   女子 遭 家暴 报警 求助   民警 追查 有意 意外 发现   他 是 15 年前 命案 逃犯  

 近日   西安 30 岁 的 张女士 女士 被 同居 男子 子长 长期 家暴   到 派出 派出所 所求 求助   民警 通过 调查   确定 了 张女士 女士 这个 有 家暴 暴行 行为   老公    就是 曾经 伙同 伙同他人 他人 持刀 抢劫   殴打   最终 致 受害 受害人 害人 死亡 的 亡命 亡命之徒 赵 某 刚   在 逃 15 年   经      全文"
381,3分钟了解家暴！①对同居的男女朋友同样有效；②经常性的谩骂、恐吓等精神暴力也认定为家暴；③遭遇家暴，可向法院申请人身安全保护令。无论性别，遭遇家暴时，请拿起法律的武器保护自己！#同居后最容易闹矛盾的点#,3 分钟 了解 家暴    对 同居 的 男女 男女朋友 女朋友 朋友 同样 有效    经常 经常性 常性 的 谩骂   恐吓 等 精神 暴力 也 认定 定为 家暴    遭遇 家暴   可向 法院 申请 申请人 人身 人身安全 安全 保护 令   无论 性别   遭遇 家暴 时   请 拿起 法律 的 武器 保护 自己  # 同居 后 最 容易 闹矛盾 矛盾 的 点 #
382,3分钟了解家暴！①对同居的男女朋友同样有效；②经常性的谩骂、恐吓等精神暴力也认定为家暴；③遭遇家暴，可向法院申请人身安全保护令。无论性别，遭遇家暴时，请拿起法律的武器保护自己！#同居后最容易闹矛盾的点# 共青团中央的秒拍视频 网页链接,3 分钟 了解 家暴    对 同居 的 男女 男女朋友 女朋友 朋友 同样 有效    经常 经常性 常性 的 谩骂   恐吓 等 精神 暴力 也 认定 定为 家暴    遭遇 家暴   可向 法院 申请 申请人 人身 人身安全 安全 保护 令   无论 性别   遭遇 家暴 时   请 拿起 法律 的 武器 保护 自己  # 同居 后 最 容易 闹矛盾 矛盾 的 点 #  共青 共青团 共青团中央 团中央 中央 的 秒 拍 视频   网页 链接
383,#同居后最容易闹矛盾的点#S 承德,# 同居 后 最 容易 闹矛盾 矛盾 的 点 #S  承德
384,"我祝福你能够更努力，早点拥有自己的小房子，清晨起床迎着咖啡和面包的香气，闲暇时找朋友们吃火锅喝汽水，傍晚和喜欢的跟陷在沙发里看剧吃零食，入眠时等满天星光吹着晚风落地。
#同居后最容易闹矛盾的点#","我 祝福 你 能够 更 努力   早点 拥有 自己 的 小房 小房子 房子   清晨 起床 迎 着 咖啡 和 面包 的 香气   闲暇 暇时 找 朋友 们 吃火锅 火锅 喝 汽水   傍晚 和 喜欢 的 跟 陷 在 沙发 里 看 剧 吃零食 零食   入眠 时 等 满天 满天星 天星 星光 吹 着 晚风 落地  
# 同居 后 最 容易 闹矛盾 矛盾 的 点 #"
385,"#同居后最容易闹矛盾的点#
真的是生活习惯
男人找东西只知道问你在哪里
却从来不自己找 哪怕就在眼前","# 同居 后 最 容易 闹矛盾 矛盾 的 点 #
 真的 是 生活 生活习惯 习惯 
 男人 找 东西 只 知道 问 你 在 哪里 
 却 从来 从来不 不自 自己 找   哪怕 就 在 眼前"
386,"#同居后最容易闹矛盾的点#
感觉同居比较容易看出两个人在生活上合不合得来
#元气不断电#","# 同居 后 最 容易 闹矛盾 矛盾 的 点 #
 感觉 同居 比较 容易 看出 两个 个人 在生活上 生活 上 合 不合 合得 合得来 得来 
# 元气 不断 断电 #"
387,"我曾经以为
一个人的感情和依赖
从有到无
会是一个渐渐消减的过程
但事实是
它会在某一个时刻
甚至某一个瞬间
突然地立减为零
#个性签名##同居后最容易闹矛盾的点#","我 曾经 以为 
 一个 个人 的 感情 和 依赖 
 从有到无 
 会 是 一个 渐渐 消减 的 过程 
 但 事实 实是 
 它 会 在 某 一个 时刻 
 甚至 某 一个 瞬间 
 突然 地 立 减为 零 
# 个性 签名 ## 同居 后 最 容易 闹矛盾 矛盾 的 点 #"
388,#同居后最容易闹矛盾的点#钱的问题以及男孩子喜欢玩游戏。。 门徒电影的微博视频,# 同居 后 最 容易 闹矛盾 矛盾 的 点 # 钱 的 问题 以及 男孩 男孩子 孩子 喜欢 玩游 玩游戏 游戏     门徒 电影 的 微 博 视频
389,情感超话 #同居后最容易闹矛盾的点#情侣刚开始同居，对方的哪些行为能让你抓狂？,情感 超 话  # 同居 后 最 容易 闹矛盾 矛盾 的 点 # 情侣 刚 开始 同居   对方 的 哪些 行为 能 让 你 抓狂  
390,"#同居后最容易闹矛盾的点#
爱是一种不可思议的矛盾……爱制造矛盾并解决矛盾。","# 同居 后 最 容易 闹矛盾 矛盾 的 点 #
 爱 是 一种 不可 不可思议 思议 的 矛盾    爱 制造 制造矛盾 矛盾 并 解决 解决矛盾 矛盾  "
391,#同居后最容易闹矛盾的点#总结就是现在的女生都追求完美主义还会玻璃心，男生永远钢铁直男还大男子主义,# 同居 后 最 容易 闹矛盾 矛盾 的 点 # 总结 就是 现在 的 女生 都 追求 完美 完美主义 主义 还 会 玻璃 玻璃心   男生 永远 钢铁 直 男 还 大男子主义 男子 主义
392,"#同居后最容易闹矛盾的点#
还是一个人好啊[加油]","# 同居 后 最 容易 闹矛盾 矛盾 的 点 #
 还是 一个 个人 好 啊   加油  "
393,#同居后最容易闹矛盾的点# “亲密关系”里说：婚前同居降低对婚姻的期待感与重视感，提高离婚率，降低忠诚度…… 大连·亿达普罗旺斯,# 同居 后 最 容易 闹矛盾 矛盾 的 点 #   亲密 亲密关系 关系   里 说   婚前 同居 降低 对 婚姻 的 期待 感 与 重视 感   提高 离婚 离婚率   降低 忠诚 忠诚度     大连   亿 达 普罗 普罗旺斯
394,#同居后最容易闹矛盾的点#男人不在那么细心，女人没安全感,# 同居 后 最 容易 闹矛盾 矛盾 的 点 # 男人 不在 那么 细心   女人 没 安全 安全感
395,#同居后最容易闹矛盾的点#难道不是谁洗碗的问题？,# 同居 后 最 容易 闹矛盾 矛盾 的 点 # 难道 不是 谁 洗碗 的 问题  
396,3分钟了解家暴！①对同居的男女朋友同样有效；②经常性的谩骂、恐吓等精神暴力也认定为家暴；③遭遇家暴，可向法院申请人身安全保护令。无论性别，遭遇家暴时，请拿起法律的武器保护自己！#同居后最容易闹矛盾的点# 共青团中央的秒拍视频 网页链接,3 分钟 了解 家暴    对 同居 的 男女 男女朋友 女朋友 朋友 同样 有效    经常 经常性 常性 的 谩骂   恐吓 等 精神 暴力 也 认定 定为 家暴    遭遇 家暴   可向 法院 申请 申请人 人身 人身安全 安全 保护 令   无论 性别   遭遇 家暴 时   请 拿起 法律 的 武器 保护 自己  # 同居 后 最 容易 闹矛盾 矛盾 的 点 #  共青 共青团 共青团中央 团中央 中央 的 秒 拍 视频   网页 链接
397,#同居后最容易闹矛盾的点#我一个单身狗又点开了啥,# 同居 后 最 容易 闹矛盾 矛盾 的 点 # 我 一个 单身 狗 又 点 开 了 啥
398,"有哪些有用的人际交往小常识？

1.没有立即答应，基本就是拒绝。（这一条不解释，知道的人知道）

2.无论什么时候，只要你开口借钱，都毫不犹豫借给你的，那是真的信任你。但是有借有还这四个字，很多人不明白。

3.再好的朋友，交往的分寸感还是要有的。他不愿意说，就不要问来问去。如果他想告诉你， ...全文","有 哪些 有用 的 人际 人际交往 交往 小常识 常识  

1  没有 立即 答应   基本 就是 拒绝    这 一条 不解 解释   知道 的 人 知道  

2  无论 什么 时候   只要 你 开口 借钱   都 毫不 毫不犹豫 犹豫 借给 你 的   那 是 真的 信任 你   但是 有借有还 借有 还 这 四个 字   很多 人 不明 明白  

3  再好 的 朋友   交往 的 分寸 感 还是 要 有 的   他 不 愿意 说   就 不要 问来 问来问去   如果 他 想 告诉 你       全文"
399,#同居后最容易闹矛盾的点#从来没有同居过，不知道，有男朋友但很享受一个人的空间。,# 同居 后 最 容易 闹矛盾 矛盾 的 点 # 从来 从来没 没有 同居 过   不知 知道   有 男朋友 朋友 但 很 享受 一个 个人 的 空间  
400,#同居后最容易闹矛盾的点#1.谁做饭，谁刷碗2.家里乱了谁整理3.东西乱放，家里乱糟糟。。。。。。。。,# 同居 后 最 容易 闹矛盾 矛盾 的 点 #1  谁 做饭   谁 刷 碗 2  家里 乱 了 谁 整理 3  东西 乱放   家里 乱糟 乱糟糟         
401,#同居后最容易闹矛盾的点#恋爱中的情侣日常生活中需要注意的10个细节。 人人视频的微博视频,# 同居 后 最 容易 闹矛盾 矛盾 的 点 # 恋爱 中 的 情侣 日常 日常生活 常生 生活 中 需要 注意 的 10 个 细节    人人 视频 的 微 博 视频
402,#同居后最容易闹矛盾的点#女朋友跟前任同居过是什么感受？大家的经历真的走心了！,# 同居 后 最 容易 闹矛盾 矛盾 的 点 # 女朋友 朋友 跟前 前任 同居 过 是 什么 感受   大家 的 经历 真的 走 心 了  
403,3分钟了解家暴！①对同居的男女朋友同样有效；②经常性的谩骂、恐吓等精神暴力也认定为家暴；③遭遇家暴，可向法院申请人身安全保护令。无论性别，遭遇家暴时，请拿起法律的武器保护自己！#同居后最容易闹矛盾的点# 共青团中央的秒拍视频,3 分钟 了解 家暴    对 同居 的 男女 男女朋友 女朋友 朋友 同样 有效    经常 经常性 常性 的 谩骂   恐吓 等 精神 暴力 也 认定 定为 家暴    遭遇 家暴   可向 法院 申请 申请人 人身 人身安全 安全 保护 令   无论 性别   遭遇 家暴 时   请 拿起 法律 的 武器 保护 自己  # 同居 后 最 容易 闹矛盾 矛盾 的 点 #  共青 共青团 共青团中央 团中央 中央 的 秒 拍 视频
404,"#同居后最容易闹矛盾的点#
你觉得有哪些","# 同居 后 最 容易 闹矛盾 矛盾 的 点 #
 你 觉得 得有 哪些"
405,3分钟了解家暴！①对同居的男女朋友同样有效；②经常性的谩骂、恐吓等精神暴力也认定为家暴；③遭遇家暴，可向法院申请人身安全保护令。无论性别，遭遇家暴时，请拿起法律的武器保护自己！#同居后最容易闹矛盾的点# 共青团中央的秒拍视频 网页链接,3 分钟 了解 家暴    对 同居 的 男女 男女朋友 女朋友 朋友 同样 有效    经常 经常性 常性 的 谩骂   恐吓 等 精神 暴力 也 认定 定为 家暴    遭遇 家暴   可向 法院 申请 申请人 人身 人身安全 安全 保护 令   无论 性别   遭遇 家暴 时   请 拿起 法律 的 武器 保护 自己  # 同居 后 最 容易 闹矛盾 矛盾 的 点 #  共青 共青团 共青团中央 团中央 中央 的 秒 拍 视频   网页 链接
406,#同居后最容易闹矛盾的点# 作息不同，不能在一起,# 同居 后 最 容易 闹矛盾 矛盾 的 点 #  作息 不同   不能 在 一起
407,#法律知识# 3分钟了解家暴！①对同居的男女朋友同样有效；②经常性的谩骂、恐吓等精神暴力也认定为家暴；③遭遇家暴，可向法院申请人身安全保护令。无论性别，遭遇家暴时，请拿起法律的武器保护自己！#同居后最容易闹矛盾的点# 共青团中央的秒拍视频,# 法律 知识 # 3 分钟 了解 家暴    对 同居 的 男女 男女朋友 女朋友 朋友 同样 有效    经常 经常性 常性 的 谩骂   恐吓 等 精神 暴力 也 认定 定为 家暴    遭遇 家暴   可向 法院 申请 申请人 人身 人身安全 安全 保护 令   无论 性别   遭遇 家暴 时   请 拿起 法律 的 武器 保护 自己  # 同居 后 最 容易 闹矛盾 矛盾 的 点 #  共青 共青团 共青团中央 团中央 中央 的 秒 拍 视频
408,"#同居后最容易闹矛盾的点#
谁刷碗谁打扫卫生吧，都不想干的话，果断出去吃或者叫外卖好不夸张颜齐的说我就是这么干的","# 同居 后 最 容易 闹矛盾 矛盾 的 点 #
 谁 刷 碗 谁 打扫 打扫卫生 卫生 吧   都 不想 干 的话   果断 出去 吃 或者 叫外卖 外卖 卖好 不 夸张 颜 齐 的 说 我 就是 这么 干 的"
409,#同居后最容易闹矛盾的点#有啥矛盾，一起躺床上看看手机，组队打打游戏，困了一起睡觉，多有安全感！哦，对了，矛盾可能在组队打游戏上，最多一起打两局就自己打自己！互相嫌弃,# 同居 后 最 容易 闹矛盾 矛盾 的 点 # 有 啥 矛盾   一起 躺 床上 看看 手机   组队 打打 打游戏 游戏   困 了 一起 睡觉   多 有 安全 安全感   哦   对了   矛盾 可能 在 组队 打游戏 游戏 上   最多 一起 打 两局 就 自己 打 自己   互相 嫌弃
410,#同居后最容易闹矛盾的点#如果不奔着结婚而同居 就是白白让人家睡 是不是傻,# 同居 后 最 容易 闹矛盾 矛盾 的 点 # 如果 不 奔 着 结婚 而 同居   就是 白白 让 人家 睡   是不是 不是 傻
411,#同居后最容易闹矛盾的点# 生活习惯，一起住的时候这个真的需要很多时间磨合,# 同居 后 最 容易 闹矛盾 矛盾 的 点 #  生活 生活习惯 习惯   一起 住 的 时候 这个 真的 需要 很多 时间 磨合
412,"#同居后最容易闹矛盾的点# 其实有很多，任何一件小事都可能成为这个点，有时候还挺感谢它们的，毕竟正因为有这些矛盾点，才让我们真的看清一段感情，一个人。 #爱情#

插画师 海島千本","# 同居 后 最 容易 闹矛盾 矛盾 的 点 #  其实 实有 很多   任何 一件 小事 都 可能 能成 成为 这个 点   有时 有时候 时候 还 挺 感谢 它们 的   毕竟 正 因为 有 这些 矛盾 点   才 让 我们 真的 看清 一段 感情   一个 个人   # 爱情 #

 插画 画师   海 島 千 本"
413,#同居后最容易闹矛盾的点#同居久了什么事都会吵，什么矛盾都有,# 同居 后 最 容易 闹矛盾 矛盾 的 点 # 同居 久 了 什么 事 都 会 吵   什么 矛盾 都 有
414,#同居后最容易闹矛盾的点# 也不算同居吧 偶尔一起住 有时候让他做点什么事他就喜欢拖拖拉拉 我就受不了拖拖拉拉,# 同居 后 最 容易 闹矛盾 矛盾 的 点 #  也 不算 同居 吧   偶尔 一起 住   有时 有时候 时候 让 他 做 点 什么 事 他 就 喜欢 拖拖 拖拖拉拉 拖拉 拉拉   我 就 受不了 不了 拖拖 拖拖拉拉 拖拉 拉拉
415,#同居后最容易闹矛盾的点# 你觉得同居后最容易闹矛盾的点是什么？,# 同居 后 最 容易 闹矛盾 矛盾 的 点 #  你 觉得 同居 后 最 容易 闹矛盾 矛盾 的 点 是 什么  
416,#同居后最容易闹矛盾的点#@湖畔青石板yer: 住一起的好处有:1.两个人无距离的相处可以知道这个人平时是不是装的，或者说他最真实的样子，2.两个人住一起要面对吃饭做家务的问题，可以先磨合一段时间知道两个人到底合适不合适，3.住一起肯定会有吵架，然后两个人处理矛盾的方式也会体现出来，躲的肯定不 ...全文,# 同居 后 最 容易 闹矛盾 矛盾 的 点 #  湖畔 青石 青石板 石板 yer   住 一起 的 好处 有  1  两个 个人 无 距离 的 相处 可以 知道 这个 个人 人平 平时 是不是 不是 装 的   或者 或者说 他 最 真实 的 样子  2  两个 个人 住 一起 要 面对 吃饭 做 家务 的 问题   可以 先 磨合 合一 一段 一段时间 段时间 时间 知道 两个 个人 到底 合适 不合 合适  3  住 一起 肯定 定会 有 吵架   然后 两个 个人 处理 矛盾 的 方式 也 会 体现 现出 出来   躲 的 肯定 不      全文
417,#同居后最容易闹矛盾的点##情感# 有矛盾太正常了，因为两个人的成长环境不一样，从小到大经历的事不一样，遇到的人也不一样，性格就不一样，行为习惯也就不一样，差异越大，矛盾就会越多。小矛盾都是可以调解的，磨合期过了就会好很多，所以需要两个人相互理解，相互包容，多沟通，最好能给彼此留点空 ...全文,# 同居 后 最 容易 闹矛盾 矛盾 的 点 ## 情感 #  有 矛盾 太 正常 了   因为 两个 个人 的 成长 环境 不一 一样   从小 从小到大 大经 经历 的 事 不一 一样   遇到 的 人 也 不一 一样   性格 就 不一 一样   行为 行为习惯 习惯 也 就 不一 一样   差异 越 大   矛盾 就 会 越多   小 矛盾 都 是 可以 调解 的   磨合 磨合期 过 了 就 会 好 很多   所以 需要 两个 个人 相互 相互理解 理解   相互 包容   多 沟通   最好 能 给 彼此 留点 空      全文
418,#同居后最容易闹矛盾的点#只想说距离真的产生美,# 同居 后 最 容易 闹矛盾 矛盾 的 点 # 只 想 说 距离 真的 产生 美
419,#同居后最容易闹矛盾的点#目前好像还没什么矛盾……除了我越过越迷糊了,# 同居 后 最 容易 闹矛盾 矛盾 的 点 # 目前 好像 还 没什么 什么 矛盾    除了 我 越过 越 迷糊 了
420,"#同居后最容易闹矛盾的点#
我还没有同居过，不过跟父母住，我就有一点不能忍受，就是太吵。
我妈爱晚上10点多洗衣服，吵死人。我都躺下睡觉了。我爸爸玩手机声音很大，电视声也大，我妈讲话嗓门也大，特响那种。","# 同居 后 最 容易 闹矛盾 矛盾 的 点 #
 我 还 没有 同居 过   不过 跟 父母 住   我 就 有 一点 不能 忍受   就是 太 吵  
 我 妈 爱 晚上 10 点 多 洗衣 洗衣服 衣服   吵 死 人   我 都 躺 下 睡觉 了   我 爸爸 玩手 手机 声音 很大   电视 声 也 大   我 妈 讲话 嗓门 也 大   特 响 那种  "
421,"#同居后最容易闹矛盾的点#
""爱情如果不落实到穿衣、吃饭、睡觉、数钱，这些实实在在的生活中去，是不会长久的。""

-- 三毛 合肥","# 同居 后 最 容易 闹矛盾 矛盾 的 点 #
  爱情 如果 不落 落实 实到 穿衣   吃饭   睡觉   数 钱   这些 实实 实实在 实实在在 实在 在 的 生活 中去   是 不会 会长 长久 的   

    三毛   合肥"
422,#同居后最容易闹矛盾的点# …我不喜欢和别人睡一个床…,# 同居 后 最 容易 闹矛盾 矛盾 的 点 #   我 不 喜欢 和 别人 睡 一个 一个床  
423,#同居后最容易闹矛盾的点#你觉得同居后最容易闹矛盾的点是？ 水瓶座-心理学的微博投票,# 同居 后 最 容易 闹矛盾 矛盾 的 点 # 你 觉得 同居 后 最 容易 闹矛盾 矛盾 的 点 是    水瓶 水瓶座   心理 心理学 理学 的 微 博 投票
424,"#同居后最容易闹矛盾的点#同居后哪些小打小闹是不希望发生的情侣同居这些事能避免就避免
#大人常说的女大十八变# 热门综艺看这里的微博视频","# 同居 后 最 容易 闹矛盾 矛盾 的 点 # 同居 后 哪些 些小 小打小闹 是 不 希望 发生 的 情侣 同居 这些 事 能 避免 就 避免 
# 大人 常 说 的 女大十八 女大十八变 十八 十八变 #  热门 综艺 看 这里 的 微 博 视频"
425,#同居后最容易闹矛盾的点#生活习惯 所以婚前同居还是必要的 能更加了解 适不适合。 成都·八里庄,# 同居 后 最 容易 闹矛盾 矛盾 的 点 # 生活 生活习惯 习惯   所以 婚前 同居 还是 必要 的   能 更加 了解   适 不适 适合    成都   八里 八里庄 里庄
426,司司带你学法超话 3分钟了解家暴！①对同居的男女朋友同样有效；②经常性的谩骂、恐吓等精神暴力也认定为家暴；③遭遇家暴，可向法院申请人身安全保护令。无论性别，遭遇家暴时，请拿起法律的武器保护自己！#同居后最容易闹矛盾的点# 共青团中央的秒拍视频,司 司 带 你 学法 超 话  3 分钟 了解 家暴    对 同居 的 男女 男女朋友 女朋友 朋友 同样 有效    经常 经常性 常性 的 谩骂   恐吓 等 精神 暴力 也 认定 定为 家暴    遭遇 家暴   可向 法院 申请 申请人 人身 人身安全 安全 保护 令   无论 性别   遭遇 家暴 时   请 拿起 法律 的 武器 保护 自己  # 同居 后 最 容易 闹矛盾 矛盾 的 点 #  共青 共青团 共青团中央 团中央 中央 的 秒 拍 视频
427,3分钟了解家暴！①对同居的男女朋友同样有效；②经常性的谩骂、恐吓等精神暴力也认定为家暴；③遭遇家暴，可向法院申请人身安全保护令。无论性别，遭遇家暴时，请拿起法律的武器保护自己！#同居后最容易闹矛盾的点# 共青团中央的秒拍视频 zfw平安浦城的微博视频,3 分钟 了解 家暴    对 同居 的 男女 男女朋友 女朋友 朋友 同样 有效    经常 经常性 常性 的 谩骂   恐吓 等 精神 暴力 也 认定 定为 家暴    遭遇 家暴   可向 法院 申请 申请人 人身 人身安全 安全 保护 令   无论 性别   遭遇 家暴 时   请 拿起 法律 的 武器 保护 自己  # 同居 后 最 容易 闹矛盾 矛盾 的 点 #  共青 共青团 共青团中央 团中央 中央 的 秒 拍 视频  zfw 平安 浦城 的 微 博 视频
428,#同居后最容易闹矛盾的点#让我想想…让我想想，那是几十年前的事情了…,# 同居 后 最 容易 闹矛盾 矛盾 的 点 # 让 我 想想   让 我 想想   那 是 几十 几十年 十年 年前 的 事情 了  
429,#同居后最容易闹矛盾的点# 暴走趣闻的微博投票,# 同居 后 最 容易 闹矛盾 矛盾 的 点 #  暴走 趣闻 的 微 博 投票
430,"#同居后最容易闹矛盾的点# 我认为最容易闹矛盾的点是生活习惯。同居前，都是展现自己最完美的一面；同居后，把自己的真实的生活状态完全暴露在对方面前。
同居是婚姻生活的提前上演，但是即便真的结婚了，还是要记得为生活增添情趣，不要让生活只剩下柴米油盐，记得偶尔出去浪漫约会一下。","# 同居 后 最 容易 闹矛盾 矛盾 的 点 #  我 认为 最 容易 闹矛盾 矛盾 的 点 是 生活 生活习惯 习惯   同居 前   都 是 展现 自己 最 完美 美的 一面   同居 后   把 自己 的 真实 的 生活 状态 完全 暴露 在 对方 方面 面前  
 同居 是 婚姻 婚姻生活 生活 的 提前 上演   但是 即便 真的 结婚 了   还是 要 记得 为生 生活 增添 增添情趣 情趣   不要 让 生活 只 剩下 柴米 柴米油盐 油盐   记得 偶尔 出去 浪漫 约会 一下  "
431,#同居后最容易闹矛盾的点#这是一个我不配评论的热搜,# 同居 后 最 容易 闹矛盾 矛盾 的 点 # 这 是 一个 我 不配 评论 的 热 搜
432,#同居后最容易闹矛盾的点# 我22点睡，你22点起。明明是同居，却过成了异地,# 同居 后 最 容易 闹矛盾 矛盾 的 点 #  我 22 点 睡   你 22 点 起   明明 是 同居   却 过 成 了 异地
433,#同居后最容易闹矛盾的点#bwj太忙了太辛苦了,# 同居 后 最 容易 闹矛盾 矛盾 的 点 #bwj 太 忙 了 太 辛苦 了
434,#同居后最容易闹矛盾的点#还行吧 没有特别不能接受的点 相处还挺不错的 嗯嗯！,# 同居 后 最 容易 闹矛盾 矛盾 的 点 # 还行 吧   没有 特别 不能 接受 的 点   相处 还 挺不错 不错 的   嗯 嗯  
435,#同居后最容易闹矛盾的点#女朋友跟前任同居过是什么感受？网友的回复：走心了。,# 同居 后 最 容易 闹矛盾 矛盾 的 点 # 女朋友 朋友 跟前 前任 同居 过 是 什么 感受   网友 的 回复   走 心 了  
436,#同居后最容易闹矛盾的点#脚臭狐臭加口臭。还不爱洗澡 南昌,# 同居 后 最 容易 闹矛盾 矛盾 的 点 # 脚臭 臭狐 狐臭 加 口臭   还 不 爱 洗澡   南昌
437,#同居后最容易闹矛盾的点# 这个问题想必是很多情侣尤其是女生，在恋爱过程中会去思考的问题！#大人常说的女大十八变#👇,# 同居 后 最 容易 闹矛盾 矛盾 的 点 #  这个 问题 想必 必是 很多 多情 情侣 尤其 是 女生   在 恋爱 过程 中会 会去 思考 的 问题  # 大人 常 说 的 女大十八 女大十八变 十八 十八变 # 
438,"#同居后最容易闹矛盾的点#
婚前同居是非常有必要的，缺点无限放大才知道到底合不合适。
当然前提是谈婚论嫁的基础上同居（不要随便谈了两三个月就住一起，跟陌生人区别并不大），如果发生关系女孩子一定要保护好自己，毕竟没结婚，他随时可以离开，爱别人前一定要先爱自己。","# 同居 后 最 容易 闹矛盾 矛盾 的 点 #
 婚前 同居 是非 非常 常有 必要 的   缺点 无限 放大 才 知道 到底 合 不合 合适  
 当然 前提 是 谈婚论嫁 的 基础 上 同居   不要 随便 谈 了 两三 两三个 三个 月 就 住 一起   跟 陌生 陌生人 生人 区别 并不大 不大    如果 发生 关系 女孩 女孩子 孩子 一定 定要 保护 护好 自己   毕竟 没 结婚   他 随时 可以 离开   爱 别人 前 一定 定要 先 爱 自己  "
439,#同居后最容易闹矛盾的点# 本来同居后就很容易吵架，难道你不是吗？,# 同居 后 最 容易 闹矛盾 矛盾 的 点 #  本来 同居 后 就 很 容易 吵架   难道 你 不是 吗  
440,3分钟了解家暴！①对同居的男女朋友同样有效；②经常性的谩骂、恐吓等精神暴力也认定为家暴；③遭遇家暴，可向法院申请人身安全保护令。无论性别，遭遇家暴时，请拿起法律的武器保护自己！#同居后最容易闹矛盾的点# 网页链接,3 分钟 了解 家暴    对 同居 的 男女 男女朋友 女朋友 朋友 同样 有效    经常 经常性 常性 的 谩骂   恐吓 等 精神 暴力 也 认定 定为 家暴    遭遇 家暴   可向 法院 申请 申请人 人身 人身安全 安全 保护 令   无论 性别   遭遇 家暴 时   请 拿起 法律 的 武器 保护 自己  # 同居 后 最 容易 闹矛盾 矛盾 的 点 #  网页 链接
441,#同居后最容易闹矛盾的点#我的点和别人不一样，我每次都要为杨先生的屁声和屁味跟他吵架,# 同居 后 最 容易 闹矛盾 矛盾 的 点 # 我 的 点 和 别人 不一 一样   我 每次 都 要为 杨先生 先生 的 屁 声 和 屁 味 跟 他 吵架
442,#同居后最容易闹矛盾的点#生活琐事，生活方式不同,# 同居 后 最 容易 闹矛盾 矛盾 的 点 # 生活 琐事   生活 方式 不同
443,"情侣同居晚期～哈哈哈哈哈哈真实！
#同居后最容易闹矛盾的点# #男朋友不在社交网络公布你# (视频来源网络) 冷笑话精选录的微博视频","情侣 同居 晚期   哈哈 哈哈哈 哈哈哈哈 哈哈 哈哈哈 哈哈哈哈 哈哈 哈哈哈 哈哈哈哈 哈哈 哈哈哈 哈哈 真实  
# 同居 后 最 容易 闹矛盾 矛盾 的 点 # # 男朋友 朋友 不在 社交 网络 公布 你 #   视频 来源 网络    冷笑 笑话 精选 选录 的 微 博 视频"
444,3分钟了解家暴！①对同居的男女朋友同样有效；②经常性的谩骂、恐吓等精神暴力也认定为家暴；③遭遇家暴，可向法院申请人身安全保护令。无论性别，遭遇家暴时，请拿起法律的武器保护自己！#同居后最容易闹矛盾的点# 共青团中央的秒拍视频 网页链接,3 分钟 了解 家暴    对 同居 的 男女 男女朋友 女朋友 朋友 同样 有效    经常 经常性 常性 的 谩骂   恐吓 等 精神 暴力 也 认定 定为 家暴    遭遇 家暴   可向 法院 申请 申请人 人身 人身安全 安全 保护 令   无论 性别   遭遇 家暴 时   请 拿起 法律 的 武器 保护 自己  # 同居 后 最 容易 闹矛盾 矛盾 的 点 #  共青 共青团 共青团中央 团中央 中央 的 秒 拍 视频   网页 链接
445,"#同居后最容易闹矛盾的点#
整潔度和家務分配","# 同居 后 最 容易 闹矛盾 矛盾 的 点 #
 整 潔 度 和 家 務 分配"
446,"#同居后最容易闹矛盾的点#
任何关系还是有点距离好吧
至少在恋爱初期","# 同居 后 最 容易 闹矛盾 矛盾 的 点 #
 任何 关系 还是 有点 距离 好 吧 
 至少 在 恋爱 初期"
447,#同居后最容易闹矛盾的点# 有哪些点？ 美容美妆汇的微博投票,# 同居 后 最 容易 闹矛盾 矛盾 的 点 #  有 哪些 点    美容 美 妆 汇 的 微 博 投票
448,"#同居后最容易闹矛盾的点#说到做家务这个矛盾点其实可以在刚开始谈恋爱的时候 委婉的问一下对方平时做不做家务嘛如果以前是家里宠大的 不做家务 那他同居结婚之后还是不会做的
甚至说他的家庭情况 其实可以多聊聊嘛谈恋爱的初期就把这些情况都了解清楚 把你所在意的任何点 都 ...全文","# 同居 后 最 容易 闹矛盾 矛盾 的 点 # 说 到 做 家务 这个 矛盾 点 其实 可以 在 刚 开始 谈恋爱 恋爱 的 时候   委婉 的 问 一下 对方 方平 平时 做 不 做 家务 嘛 如果 以前 是 家里 宠大 的   不 做 家务   那 他 同居 结婚 之后 还是 不会 做 的 
 甚至 说 他 的 家庭 情况   其实 可以 多 聊聊 嘛 谈恋爱 恋爱 的 初期 就 把 这些 情况 都 了解 清楚   把 你 所在 在意 的 任何 点   都      全文"
449,3分钟了解家暴！①对同居的男女朋友同样有效；②经常性的谩骂、恐吓等精神暴力也认定为家暴；③遭遇家暴，可向法院申请人身安全保护令。无论性别，遭遇家暴时，请拿起法律的武器保护自己！#同居后最容易闹矛盾的点# 共青团中央的秒拍视频,3 分钟 了解 家暴    对 同居 的 男女 男女朋友 女朋友 朋友 同样 有效    经常 经常性 常性 的 谩骂   恐吓 等 精神 暴力 也 认定 定为 家暴    遭遇 家暴   可向 法院 申请 申请人 人身 人身安全 安全 保护 令   无论 性别   遭遇 家暴 时   请 拿起 法律 的 武器 保护 自己  # 同居 后 最 容易 闹矛盾 矛盾 的 点 #  共青 共青团 共青团中央 团中央 中央 的 秒 拍 视频
450,#同居后最容易闹矛盾的点#钱的问题以及男孩子喜欢玩游戏。。 门徒电影的微博视频,# 同居 后 最 容易 闹矛盾 矛盾 的 点 # 钱 的 问题 以及 男孩 男孩子 孩子 喜欢 玩游 玩游戏 游戏     门徒 电影 的 微 博 视频
451,姐妹们出来答题啦！大家觉得#同居后最容易闹矛盾的点#有哪些？,姐妹 们 出来 答题 啦   大家 觉得 # 同居 后 最 容易 闹矛盾 矛盾 的 点 # 有 哪些  
452,"#同居后最容易闹矛盾的点#
已婚人士表示，他对我最大的不满点在于我用爱豆的照片做屏保，手机里面没有他的照片，全部都是我爱豆的美图。","# 同居 后 最 容易 闹矛盾 矛盾 的 点 #
 已婚 人士 表示   他 对 我 最大 的 不满 满点 在于 我 用 爱 豆 的 照片 做 屏保   手机 里面 没有 他 的 照片   全部 全部都是 我 爱 豆 的 美图  "
453,#同居后最容易闹矛盾的点# 做家务吧！,# 同居 后 最 容易 闹矛盾 矛盾 的 点 #  做 家务 吧  
454,#同居后最容易闹矛盾的点#婚前同居这个事，大家真的见怪不怪了？还是说只在网络这个小社会里无所谓呀？,# 同居 后 最 容易 闹矛盾 矛盾 的 点 # 婚前 同居 这个 事   大家 真的 见怪 见怪不怪 怪不怪 不怪 了   还是 说 只 在 网络 这个 小 社会 里 无所 无所谓 所谓 呀  
455,#同居后最容易闹矛盾的点# 有哪些？,# 同居 后 最 容易 闹矛盾 矛盾 的 点 #  有 哪些  
456,"【#同居后最容易闹矛盾的点#】

情人眼里出西施，一旦同居方觉知
多少优点成缺点，天天打闹后悔迟"," # 同居 后 最 容易 闹矛盾 矛盾 的 点 # 

 情人 情人眼里 情人眼里出西施 人眼 眼里 出 西施   一旦 同居 方觉 知 
 多少 优点 成 缺点   天天 打闹 后悔 迟"
457,#同居后最容易闹矛盾的点#来了个陌生美女，因为没钱租房，想同居，结果男子还一脸不愿意。。 主播好棒的微博视频,# 同居 后 最 容易 闹矛盾 矛盾 的 点 # 来 了 个 陌生 美女   因为 没钱 租房   想 同居   结果 男子 还 一脸 不 愿意     主 播 好 棒 的 微 博 视频
458,#同居后最容易闹矛盾的点#太多不同的点以及想法，很容易闹矛盾,# 同居 后 最 容易 闹矛盾 矛盾 的 点 # 太多 不同 的 点 以及 想法   很 容易 闹矛盾 矛盾
459,#同居后最容易闹矛盾的点# 这个问题想必是很多情侣尤其是女生，在恋爱过程中会去思考的问题！#大人常说的女大十八变#,# 同居 后 最 容易 闹矛盾 矛盾 的 点 #  这个 问题 想必 必是 很多 多情 情侣 尤其 是 女生   在 恋爱 过程 中会 会去 思考 的 问题  # 大人 常 说 的 女大十八 女大十八变 十八 十八变 #
460,#同居后最容易闹矛盾的点#同居以后没有矛盾 不代表结婚就没有结婚之后的事 才是大事大矛盾啊 哎,# 同居 后 最 容易 闹矛盾 矛盾 的 点 # 同居 以后 没有 矛盾   不 代表 结婚 就 没有 结婚 之后 的 事   才 是 大事 大 矛盾 啊   哎
461,"#同居后最容易闹矛盾的点#我家先生求生欲望很强 跟我强调""很好，没有什么不好的""，尽管我有多任性，脾气不好，还一直包容我",# 同居 后 最 容易 闹矛盾 矛盾 的 点 # 我家 先生 求生 求生欲 欲望 很 强   跟 我 强调   很 好   没有 什么 不好 的    尽管 我 有 多 任性   脾气 不好   还 一直 包容 我
462,#同居后最容易闹矛盾的点#我是那种工作日回家啥都不收拾，周末彻底收拾一次的类型，我老公是每天都得大概收拾，永远不彻底收拾的那种，所以我们都觉得对方邋遢,# 同居 后 最 容易 闹矛盾 矛盾 的 点 # 我 是 那种 工作 工作日 回家 啥 都 不收 收拾   周末 彻底 收拾 拾一 一次 的 类型   我 老公 是 每天 天都 得 大概 收拾   永远 不 彻底 收拾 的 那种   所以 我们 都 觉得 对方 邋遢
463,#同居后最容易闹矛盾的点# 这个问题想必是很多情侣尤其是女生，在恋爱过程中会去思考的问题！#大人常说的女大十八变#,# 同居 后 最 容易 闹矛盾 矛盾 的 点 #  这个 问题 想必 必是 很多 多情 情侣 尤其 是 女生   在 恋爱 过程 中会 会去 思考 的 问题  # 大人 常 说 的 女大十八 女大十八变 十八 十八变 #
464,"一个人自由自在的想吃啥想喝啥就来呗，
em……
其实我是今早看到手机才记得昨晚吃过宵夜……
第一次见到海底捞上菜智能机器人，
被萌倒了！
全场焦点啊！📸📸📸📸

张暖雅超话
#同居后最容易闹矛盾的点#","一个 个人 自由 自由自在 自在 的 想 吃 啥 想 喝 啥 就 来 呗  
em  
 其实 我 是 今 早 看到 到手 手机 才 记得 昨晚 吃 过 宵夜   
 第一 第一次 一次 见到 海底 捞 上菜 智能 智能机 机器 机器人  
 被 萌 倒 了  
 全场 焦点 啊      

 张 暖 雅 超 话 
# 同居 后 最 容易 闹矛盾 矛盾 的 点 #"
465,"#同居后最容易闹矛盾的点#
女人随处可见的头发…
男人怎么时时刻刻都在打游戏？","# 同居 后 最 容易 闹矛盾 矛盾 的 点 #
 女人 随处 随处可见 可见 的 头发  
 男人 怎么 时时 时时刻刻 时刻 刻 都 在 打游戏 游戏  "
466,"#同居后最容易闹矛盾的点#

生活习惯叭 就和室友一样子","# 同居 后 最 容易 闹矛盾 矛盾 的 点 #

 生活 生活习惯 习惯 叭   就 和 室友 一样 样子"
467,#同居后最容易闹矛盾的点# 这个问题想必是很多情侣尤其是女生，在恋爱过程中会去思考的问题！#大人常说的女大十八变#,# 同居 后 最 容易 闹矛盾 矛盾 的 点 #  这个 问题 想必 必是 很多 多情 情侣 尤其 是 女生   在 恋爱 过程 中会 会去 思考 的 问题  # 大人 常 说 的 女大十八 女大十八变 十八 十八变 #
468,#同居后最容易闹矛盾的点# 这个问题想必是很多情侣尤其是女生，在恋爱过程中会去思考的问题！#大人常说的女大十八变#,# 同居 后 最 容易 闹矛盾 矛盾 的 点 #  这个 问题 想必 必是 很多 多情 情侣 尤其 是 女生   在 恋爱 过程 中会 会去 思考 的 问题  # 大人 常 说 的 女大十八 女大十八变 十八 十八变 #
469,#同居后最容易闹矛盾的点# 这个问题其实挺重要的，以后肯定会发生各种矛盾,# 同居 后 最 容易 闹矛盾 矛盾 的 点 #  这个 问题 其实 挺 重要 的   以后 肯定 定会 发生 各种 矛盾
470,"#同居后最容易闹矛盾的点#
对于婚前同居，不论是因为恋爱，还是结婚前的试婚，但风险呢，也很大，而且因为磨合不好而分手的也有很多。

因为同居就意味着一起生活饮食，不仅仅是柴米油盐，还有各自的坏习惯，情绪，生活中的点点滴滴都会累积成为情绪，

两人如果没有有效的沟通，就会变成冷战热战，最 ...全文","# 同居 后 最 容易 闹矛盾 矛盾 的 点 #
 对于 婚前 同居   不论 不论是 是因为 因为 恋爱   还是 结婚 婚前 的 试婚   但 风险 呢   也 很大   而且 因为 磨合 不好 而 分手 的 也 有 很多  

 因为 同居 就 意味 意味着 一起 生活 饮食   不仅 不仅仅 仅仅 是 柴米 柴米油盐 油盐   还有 各自 的 坏习惯 习惯   情绪   生活 中 的 点点 点点滴滴 点滴 滴滴 都 会 累积 成为 情绪  

 两 人 如果 没有 有效 的 沟通   就 会 变成 冷战 热战   最      全文"
471,"#同居后最容易闹矛盾的点#
同居一年半 没有因为同居这些琐事吵架过
每天醒来第一个看见的是他 睡觉之前也再也不用微信上的晚安 这个安全感和幸福感真的无敌🌈 哈尔滨","# 同居 后 最 容易 闹矛盾 矛盾 的 点 #
 同居 一年 年半   没有 因为 同居 这些 琐事 吵架 架过 
 每天 醒来 第一 第一个 一个 看见 的 是 他   睡觉 之前 也 再也 不用 微 信 上 的 晚安   这个 安全 安全感 和 幸福 幸福感 真的 无敌    哈尔 哈尔滨"
472,#同居后最容易闹矛盾的点#有很多。高速公路行驶时，因吵架将另一半丢在高速上，你怎么看？ 湖南高速警察的微博投票,# 同居 后 最 容易 闹矛盾 矛盾 的 点 # 有 很多   高速 高速公路 公路 行驶 时   因 吵架 将 另一半 一半 丢 在 高速 上   你 怎么 看    湖南 高速 警察 的 微 博 投票
473,#同居后最容易闹矛盾的点#绝对是卫生问题。 北京·国贸CBD,# 同居 后 最 容易 闹矛盾 矛盾 的 点 # 绝对 是 卫生 问题    北京   国贸 CBD
474,"#同居后最容易闹矛盾的点#

不知道
还没同居……","# 同居 后 最 容易 闹矛盾 矛盾 的 点 #

 不知 知道 
 还 没 同居   "
475,#同居后最容易闹矛盾的点#卫生&作息时间我最无法忍受的两点,# 同居 后 最 容易 闹矛盾 矛盾 的 点 # 卫生   作息 作息时间 时间 我 最 无法 无法忍受 忍受 的 两点
476,"#同居后最容易闹矛盾的点#
我怎么感觉我们俩也是………@是我本帅","# 同居 后 最 容易 闹矛盾 矛盾 的 点 #
 我 怎么 感觉 我们 俩 也 是      是 我 本帅"
477,"#同居后最容易闹矛盾的点# 恋爱是很甜蜜的过程，而恋爱到一定程度同居就成了不可避免的事情，而同居后，男女在一起的时间会骤然增多，时间久了又会暴露出各种各样的问题，矛盾也会随之产生。
但相爱的你们依然会克服种种矛盾，成为彼此最重要的人呀！因为会为了对方早一点回家，开始学习做饭，哪怕前二 ...全文","# 同居 后 最 容易 闹矛盾 矛盾 的 点 #  恋爱 是 很甜 甜蜜 的 过程   而 恋爱 到 一定 程度 同居 就 成 了 不可 不可避免 避免 的 事情   而 同居 后   男女 在 一起 的 时间 会 骤然 增多   时间 久 了 又 会 暴露 暴露出 露出 各种 各种各样 各样 的 问题   矛盾 也 会 随之 产生  
 但 相爱 的 你们 依然 会 克服 种种 矛盾   成为 彼此 最重 重要 的 人 呀   因为 会 为了 对方 早 一点 回家   开始 学习 做饭   哪怕 前 二      全文"
478,"男男小说推荐：一往执念
链接：网页链接 提取码：EwXh

#同居后最容易闹矛盾的点#","男 男 小说 推荐   一往 执 念 
 链接   网页 链接   提取 取码  EwXh

# 同居 后 最 容易 闹矛盾 矛盾 的 点 #"
479,#同居后最容易闹矛盾的点#家务活归属权,# 同居 后 最 容易 闹矛盾 矛盾 的 点 # 家务 家务活 归属 归属权
480,"#同居后最容易闹矛盾的点#
我觉得都接地气一点就不会有太多矛盾，那种不食人间烟火的还是自己当神仙比较好","# 同居 后 最 容易 闹矛盾 矛盾 的 点 #
 我 觉得 都 接地 地气 一点 就 不会 有 太多 矛盾   那种 不 食人 人间 人间烟火 烟火 的 还是 自己 当 神仙 比较 好"
481,#同居后最容易闹矛盾的点#支持婚前同居。,# 同居 后 最 容易 闹矛盾 矛盾 的 点 # 支持 婚前 同居  
482,"#同居后最容易闹矛盾的点#
同居后女生对男生的印象会有什么变化？","# 同居 后 最 容易 闹矛盾 矛盾 的 点 #
 同居 后 女生 对 男生 的 印象 会 有 什么 变化  "
483,"恋爱中的情侣都是憧憬美好的，向往着美好的未来，同居在一起可以说是两个最亲密的时候，也是互相表达爱意最浓的时候，毕竟在一起时间多。

同居中什么会成为最大的矛盾？第一两个人如果相爱在一起，懂事就会互相包容，理解对方，所以矛盾如果有，也能很好的和解。如果双方在一起时间还不怎么多，我觉得 ...全文","恋爱 中 的 情侣 都 是 憧憬 美好 的   向往 着 美好 的 未来   同居 在 一起 可以 说 是 两个 最 亲密 的 时候   也 是 互相 表达 爱意 最 浓 的 时候   毕竟 在 一起 时间 多  

 同居 居中 什么 会 成为 最大 的 矛盾   第一 一两 一两个 两个 个人 如果 相爱 在 一起   懂事 就 会 互相 包容   理解 对方   所以 矛盾 如果 有   也 能 很 好 的 和解   如果 双方 在 一起 时间 还 不怎么 怎么 多   我 觉得      全文"
484,"情感超话 即使是充斥着愤怒的争吵，也比沉默无动于衷要好很多，争吵在一定程度上给双方都提供了表达情绪的空间，减少了之前积累的负面情绪。不过要记住，再愤怒也不要说太伤人自尊的话。
#同居后最容易闹矛盾的点#","情感 超 话   即使 是 充斥 着 愤怒 的 争吵   也 比 沉默 无动于衷 要 好 很多   争吵 在 一定 程度 上 给 双方 都 提供 了 表达 情绪 的 空间   减少 了 之前 积累 的 负面 情绪   不过 要 记住   再 愤怒 也 不要 要说 太 伤人 自尊 的话  
# 同居 后 最 容易 闹矛盾 矛盾 的 点 #"
485,#同居后最容易闹矛盾的点# 和女朋友同居，她的哪个习惯让你奔溃？男人要好好习惯。「情感」,# 同居 后 最 容易 闹矛盾 矛盾 的 点 #  和 女朋友 朋友 同居   她 的 哪个 习惯 让 你 奔 溃   男人 要 好好 习惯    情感  
486,"#同居后最容易闹矛盾的点#同居后，明白了哪些道理

记得三毛说过：“爱情如果不落实到穿衣、吃饭、睡觉、数钱这些实实在在的生活里，在爱人面前无所顾忌地打嗝、放屁、掏耳朵、流鼻涕，是不会长久的。”

以前不信，后来不得不信。

同居就像又上了一所新大学，明白的道理，一点都不比以前少。

第一， ...全文","# 同居 后 最 容易 闹矛盾 矛盾 的 点 # 同居 后   明白 了 哪些 道理 

 记得 三毛 说 过    爱情 如果 不落 落实 实到 穿衣   吃饭   睡觉   数 钱 这些 实实 实实在 实实在在 实在 在 的 生活 里   在 爱人 人面 面前 无所 无所顾忌 顾忌 地 打嗝   放屁   掏耳朵 耳朵   流鼻涕 鼻涕   是 不会 会长 长久 的   

 以前 不信   后来 来不得 不得 不得不 不信  

 同居 就 像 又 上 了 一所 新大 大学   明白 的 道理   一点 都 不 比 以前 少  

 第一       全文"
487,#同居后最容易闹矛盾的点#钱,# 同居 后 最 容易 闹矛盾 矛盾 的 点 # 钱
488,#同居后最容易闹矛盾的点#没有过,# 同居 后 最 容易 闹矛盾 矛盾 的 点 # 没有 过
489,"#同居后最容易闹矛盾的点#
首先要做的就是买两台洗碗机
一台给妈妈，承诺过的
一台给给自己

再有必要的话，会考虑入手一台
扫地机器人 岳阳·岳阳县","# 同居 后 最 容易 闹矛盾 矛盾 的 点 #
 首先 先要 做 的 就是 买 两台 洗碗 洗碗机 
 一台 给 妈妈   承诺 过 的 
 一台 给 给 自己 

 再有 必要 的话   会考 考虑 入手 一台 
 扫地 扫地机 地机 机器 机器人   岳 阳   岳阳县"
